"","X1","X2","X3","X4","Y","Yhat","set"
"1",0.421029230087724,1.12278171835877,-0.605606074420413,2.92907667604178,10.7560606160841,NA,"trn"
"2",0.0416993115268903,2.06275231875792,-0.540372827246832,2.52611014996445,7.36164138111647,NA,"trn"
"3",-0.435528185738483,1.14209276008649,-0.0463602518042798,0.710586542539245,9.40055157209067,NA,"trn"
"4",0.91465562896125,1.74220865181486,-0.645436127698774,3.93022910157222,10.4830159184794,NA,"trn"
"5",-0.00134205298434531,2.10980165304016,0.170229411525074,2.68393088154621,8.45063378331716,NA,"trn"
"6",-0.0542908525062373,1.48068671282944,1.58256948649979,1.16594056425788,9.08924571409794,NA,"trn"
"7",1.35969032615179,-0.0462204540435314,0.26999892764245,1.78148045514367,11.205825039459,NA,"trn"
"8",1.1122896210136,1.96357974319364,2.53482416918149,2.05594445371636,13.2253028912429,NA,"trn"
"9",1.15093879912468,0.369568812406954,1.09407934569035,0.61609541690791,12.9351608977085,NA,"trn"
"10",2.15996805190908,-0.126374490544577,1.43705363788274,2.70496616144627,12.2295784071574,NA,"trn"
"11",1.36889327260906,0.152940703226714,0.27346887804598,1.79747795043084,10.4474797207398,NA,"trn"
"12",-1.37866602196842,0.980245317648893,0.664693262632539,2.55759877608399,7.92977937270953,NA,"trn"
"13",1.25595878395133,-1.45110605770374,-0.336150946874057,1.71611355345269,9.40311059845852,NA,"trn"
"14",1.41124567117879,-1.17744086776089,0.509447896279961,0.980182048126568,10.3249242751254,NA,"trn"
"15",1.70955804944919,2.07368046676386,0.884302641367828,4.37108123239338,13.3317757625296,NA,"trn"
"16",0.303625453752135,0.247966783994773,0.188743611366301,2.27516485573091,10.2856609310432,NA,"trn"
"17",2.22867987475894,1.6465657644536,1.14362421015876,1.77106839046124,13.7236423462233,NA,"trn"
"18",0.742096480620216,0.147192627257394,1.26795747689534,1.74380583670491,13.2598179776397,NA,"trn"
"19",1.44847983402749,1.27714133190786,-0.151771007535662,3.25267149185925,11.9239905046354,NA,"trn"
"20",0.632285725069056,1.9732643501732,1.42628176995041,1.31384097445495,13.1065989679487,NA,"trn"
"21",0.676299288585638,1.66093699091173,0.273190178660217,3.3010554085227,11.6310955152909,NA,"trn"
"22",0.494301207702154,2.40469611006068,0.854536065533931,2.20051605403707,13.6043739483687,NA,"trn"
"23",-1.10370775148043,-1.34408460121767,0.109953778240952,0.835164843575891,8.78096797854571,NA,"trn"
"24",1.1907365383117,0.326965842696226,1.80023492928814,1.92035122673875,10.8871246203374,NA,"trn"
"25",1.06570257987392,0.0993952251712876,0.721338836419948,0.688565367277646,10.9182893565467,NA,"trn"
"26",1.70414100240952,-0.71735476000469,1.2798587358209,2.41154113164384,12.1384979930812,NA,"trn"
"27",0.967247420328972,0.128446688516071,-0.231160676040557,3.15428441669087,13.6823819947859,NA,"trn"
"28",0.344249514525372,0.471769245374995,2.0318914205671,2.35699167456379,13.4721645508175,NA,"trn"
"29",1.05420115869792,1.22852064474763,0.634136018320089,2.40426630496294,14.4745760386531,NA,"trn"
"30",2.32503532373215,2.46874659440793,2.17732727408026,0.997107877706566,15.5342415027973,NA,"trn"
"31",1.5994945126105,1.1082404051897,1.28451776758288,3.21409804931239,17.0681561549683,NA,"trn"
"32",-0.648395638059494,0.429944449638661,0.170557614516246,3.89097767938973,16.7335701456526,NA,"trn"
"33",2.28001091376975,2.42717285696203,0.318843546775071,2.64904856137294,15.9443421525065,NA,"trn"
"34",0.0281862293307135,1.95108960685392,0.9493335279372,0.909966681069615,13.506433592462,NA,"trn"
"35",2.63241702949226,0.766333306315249,0.395673928930569,2.93661429021864,15.8365214895429,NA,"trn"
"36",3.52715977553621,1.87201034189936,0.791959156713846,2.94419945880804,16.8516792703813,NA,"trn"
"37",2.20712618229123,1.86670785622298,0.993485619706792,1.81961356154914,13.7086674620643,NA,"trn"
"38",0.904208535116867,0.68208104214385,-0.923992456839156,2.03308436204956,10.9661527223795,NA,"trn"
"39",3.05982867999065,0.217295335173372,2.19896512544191,1.00428141248312,13.0315323766123,NA,"trn"
"40",-0.614444335057433,-0.562352189099441,2.42955227622452,1.30258851788589,10.0323546267698,NA,"trn"
"41",0.692289675476675,0.937399500156394,1.38687462122392,1.82614053484148,11.5500595508231,NA,"trn"
"42",1.13198028545267,0.486408654152413,0.578085957775273,1.91002422251034,11.6792363231302,NA,"trn"
"43",-0.0351182196933659,0.518787024565167,1.30419964301271,3.41172199440506,13.3013412079218,NA,"trn"
"44",1.2191591427008,1.04556254767514,0.565239864071498,1.87843075541488,12.9987061904787,NA,"trn"
"45",1.27878057602294,3.47142244138166,1.34634760223587,1.94355403932345,15.0979373597183,NA,"trn"
"46",2.53826812692305,1.33233738074683,1.68676946555897,2.04097633329056,14.2339702237102,NA,"trn"
"47",1.94327472801126,1.10580339891489,0.309780904770082,1.44569379154141,13.5825357091648,NA,"trn"
"48",2.38820130385395,1.08525198415302,1.71539655184615,0.352942460697111,14.3922853160179,NA,"trn"
"49",0.223355081454952,3.6754207613541,1.30473690397364,2.58855122346495,11.2096207974425,NA,"trn"
"50",-0.332416931361948,-0.895963504954157,1.82818693806693,1.2550896224017,10.1055388762774,NA,"trn"
"51",1.07206478448041,1.06106321640335,1.45543330277281,2.94774130468794,11.9742047125601,NA,"trn"
"52",1.24727022211246,1.95026279576194,1.19487470063152,1.04481780643849,10.1189144668058,NA,"trn"
"53",1.53526165303923,0.591701643058639,0.991709776939928,2.4525556519052,11.2755496199534,NA,"trn"
"54",0.915426879540406,0.951776609442326,0.255969417162215,1.62704722280207,9.81499457765425,NA,"trn"
"55",0.474475087399799,0.775556397760702,0.161329005360732,0.833145671982886,7.48389097510492,NA,"trn"
"56",1.89074719011958,1.02936702927661,0.47042949322422,2.32500132288472,9.15304984725246,NA,"trn"
"57",1.96305355905563,0.815825720961391,1.30646116831704,0.909024894648914,9.70621600089232,NA,"trn"
"58",1.61612089882315,0.349060294542928,0.881456629049799,1.32342781034436,10.2256829162406,NA,"trn"
"59",-0.00833673762402398,0.60374997831513,0.357707646512908,1.63443961673585,9.70582282189357,NA,"trn"
"60",-0.0317348097735664,2.50203478686676,2.16103974221688,1.69931723777973,9.2790767079658,NA,"trn"
"61",-0.388728885726427,0.648260110542081,0.999822014859268,0.0987504700868915,9.42884499251028,NA,"trn"
"62",1.87254267368165,0.802614634772125,-0.868095678325956,2.44674125335246,10.8305205677496,NA,"trn"
"63",1.54499623367144,2.08813715249071,1.10561130089699,1.5019891223818,9.36907967176692,NA,"trn"
"64",1.08756605729355,0.336684808195311,1.63315121618407,1.20065057677909,10.4971797686849,NA,"trn"
"65",1.02377319954446,0.768654725388845,0.873875437248632,1.94746400631255,9.07668793148119,NA,"trn"
"66",1.48631620254807,1.48516814197986,0.0287328722770801,1.26511895840747,9.0697626679123,NA,"trn"
"67",1.77391784154084,0.87721043588834,0.989398732037394,-0.497224896100773,9.59956499586828,NA,"trn"
"68",-0.0284800215521119,0.942197399228933,2.88306239192765,0.614243145626735,9.74318929210963,NA,"trn"
"69",-0.710205095183684,2.15182846051465,1.27687903279041,1.45987600522623,9.84891828978867,NA,"trn"
"70",0.806597135691271,3.29213779094627,1.16078717353788,2.13660796792553,11.4805932214057,NA,"trn"
"71",2.07173693271149,-0.245007793731271,1.5962090224122,1.60968020001991,14.6266411593818,NA,"trn"
"72",-0.694628316300186,0.81196670222196,1.20822741618601,4.38120695777938,12.4024303184024,NA,"trn"
"73",1.93963520230149,0.506664788332013,0.939359866705821,2.57946392829607,13.1950025235322,NA,"trn"
"74",-0.717996155719644,0.279620528526898,1.56707131570094,0.74971073349763,9.21562602288772,NA,"trn"
"75",2.49005984520494,1.55933392754445,0.701568399003746,1.50607056160004,10.4882631407062,NA,"trn"
"76",1.89052686820425,0.889408372689604,0.185223877191037,0.252968160469469,10.5960186578601,NA,"trn"
"77",0.0674344204652524,0.894750091591481,0.520876623704346,2.61044634498559,8.01064803401489,NA,"trn"
"78",2.09296819939781,1.67970091193564,0.658973142571456,1.67655711644204,13.1417761275694,NA,"trn"
"79",1.50556506970086,2.57730120605913,0.803047622810151,2.30541801983047,13.0333311512078,NA,"trn"
"80",3.15669234757736,0.980660263124293,1.04814344138472,3.45246861518947,15.7489790146391,NA,"trn"
"81",0.243982934048148,0.122410653186269,0.577946479484761,3.1618815366075,11.2700600371425,NA,"trn"
"82",-0.774275451534141,1.04780468314482,-1.19746608569436,1.45082312218682,7.89602118265907,NA,"trn"
"83",0.274193984756482,-1.02447412929553,1.47005840686149,1.7097461228115,12.7808334093597,NA,"trn"
"84",1.9041728334825,0.719343292607962,2.2878856554776,0.203833252443145,12.2497933818088,NA,"trn"
"85",2.45369531135917,1.78385556030874,1.91972184873894,1.88921551120587,9.55552105145016,NA,"trn"
"86",1.64801171694483,0.91388960580176,0.395634983820507,1.53889199979108,10.024226770426,NA,"trn"
"87",-0.751363841313238,1.50663265781425,0.38487947744035,1.87342195870823,6.17744045108343,NA,"trn"
"88",3.03160844249387,2.11622937586437,0.53118818790488,0.594496731370334,11.7855420156277,NA,"trn"
"89",1.80472037844766,1.07866290677865,-0.3539859010669,0.226340557484476,9.50698146830173,NA,"trn"
"90",-1.85762307852564,1.25917881948068,-0.0727384046289978,2.10506034552044,7.68706522585427,NA,"trn"
"91",0.480685763897432,-0.160635908347844,1.01926897449024,3.14969215821793,14.24020294489,NA,"trn"
"92",-0.0171744713843864,0.691421549141574,2.04023921352118,2.70397565337425,16.3374375995323,NA,"trn"
"93",0.562440187207189,0.726555630714076,2.73665086118571,4.45274435429777,14.522222520277,NA,"trn"
"94",2.79782833462507,3.83686504584779,-1.25211653838659,3.04962818552772,21.6825902114468,NA,"trn"
"95",-0.749530201844389,2.36726592110701,0.952930192186581,2.30177106338672,16.5553272907488,NA,"trn"
"96",2.37223951597409,1.43645968091744,1.62216548495766,3.50477461358189,14.7574309401128,NA,"trn"
"97",2.0526296554906,1.04353355202285,0.110813777230603,2.3446777871472,13.328016305452,NA,"trn"
"98",0.694487377513279,1.99532131468509,0.528629131737323,0.87996170405661,11.6237481009689,NA,"trn"
"99",0.300489181573577,0.253698321275035,1.39185857192148,2.09179824858476,10.5348860627777,NA,"trn"
"100",0.796164499339266,1.290418517614,0.503055687236445,0.933069937374072,12.6288611160932,NA,"trn"
"101",2.41046220758358,2.57391543567448,1.86507647515307,1.89985838926763,18.0586672725795,NA,"trn"
"102",2.60138350601802,0.972475238531829,1.66207866887785,2.07628537571153,16.2220350088096,NA,"trn"
"103",-0.138206254696608,1.76907427027235,2.21993556076357,2.37523263807398,14.4849309851618,NA,"trn"
"104",0.532516981136546,1.32311819223147,0.669449739775458,1.37583200751296,13.0784226196535,NA,"trn"
"105",-1.50194106293115,-0.0760321166573064,0.722399752565754,3.53283705766448,10.0618861024828,NA,"trn"
"106",2.20782571296949,-0.893715847678428,0.735350905965811,2.81495993672686,11.5184026944655,NA,"trn"
"107",1.77475845168427,1.68891157986221,0.455616149368783,1.71689959393266,12.9469937789192,NA,"trn"
"108",1.64668879899946,0.538051094000817,0.269210169993047,1.87442201306702,13.0718546223806,NA,"trn"
"109",0.116639901642857,1.53163319045231,1.15876070005395,1.65857021395464,13.4378186754157,NA,"trn"
"110",0.0698754376781178,1.08667945850819,2.82838278610438,2.75985594452446,10.246084620276,NA,"trn"
"111",2.12812718761659,1.78509071190816,0.491113723090954,1.8595105476492,13.9748874572714,NA,"trn"
"112",2.4104558390882,1.43131509709592,1.161373758654,2.42874832369106,15.0667894425932,NA,"trn"
"113",1.05148698065097,1.46743449310698,2.41226460159658,1.56514407001288,12.4862131667121,NA,"trn"
"114",2.36955361712876,0.573244167856926,1.12278722738173,2.18379970488615,14.2897247366946,NA,"trn"
"115",1.49129012057867,0.40415517700878,0.812063867724573,1.33776191099931,13.1180477644939,NA,"trn"
"116",0.514761336857955,2.19241828320436,1.96273713396981,4.13354339604222,14.6568893507191,NA,"trn"
"117",1.07323427812667,1.09523186167172,3.94220189150814,2.74106866109536,12.7276459163833,NA,"trn"
"118",1.66578414344488,-1.53682834623881,0.812183258080825,1.85468673013961,10.124628747816,NA,"trn"
"119",0.795193825857166,-0.731105490963601,0.216327129537081,1.108544173221,8.62000032277795,NA,"trn"
"120",-1.28744044087689,1.64886148219085,0.334270869115105,2.98975144158996,7.01237276033148,NA,"trn"
"121",0.296199082666156,2.09345113491701,0.461496122843986,1.41217637773746,8.80691197634376,NA,"trn"
"122",2.32202340343326,2.12480385516034,2.19760143039359,0.520088496352376,12.1328815453086,NA,"trn"
"123",1.10293523359829,0.878210953008678,0.14159717824666,3.0153966483466,9.9818784373079,NA,"trn"
"124",0.335489011969956,0.486829447808312,2.09038153691891,1.6403361222223,10.8961508652241,NA,"trn"
"125",2.90502526955913,0.230829985622555,0.85771367300209,2.54928476293594,12.6837909499986,NA,"trn"
"126",-0.055331073918599,3.43860211203283,0.977829408653419,1.63906112784548,16.7792249938611,NA,"trn"
"127",2.27490111636522,2.80017178552857,1.5145117275704,2.92373705036977,17.7039279988406,NA,"trn"
"128",1.57587686363798,0.726726238227446,-0.0339599985811507,1.13516752449306,17.2259650217653,NA,"trn"
"129",1.56891550118774,1.18852559909068,-0.671002384800789,2.59481689861795,11.944742467425,NA,"trn"
"130",0.111964186484644,0.335609701004789,1.53119189934484,3.17386050167694,11.3579214312852,NA,"trn"
"131",1.94923123268597,2.13365416389266,0.627681736177472,0.284074978998692,14.2296424332598,NA,"trn"
"132",1.74848429967084,-0.870045067978651,0.527131459849359,3.70755161173534,15.7652735244906,NA,"trn"
"133",0.865851439386397,0.483481097979677,1.93859496996358,2.93524135815731,16.5164497871609,NA,"trn"
"134",-0.123778186532794,0.0607813730549406,0.505031095228906,-0.430932454720118,11.8372262511783,NA,"trn"
"135",-0.718771880888686,-0.285687621440116,-0.152620090175246,2.76813389028136,12.4780568398873,NA,"trn"
"136",0.524606456804175,1.70257038599751,0.835062241099103,3.33037231374394,14.7549086041821,NA,"trn"
"137",1.61535889888656,2.21572757977029,1.34133068680846,2.75929016120514,19.9777734127359,NA,"trn"
"138",1.80915914908541,-0.300581184964032,0.727179082013289,3.28465223340217,15.3425946598103,NA,"trn"
"139",2.4557662778185,0.541615190124904,1.11180374383623,1.58516393152189,16.3764043347098,NA,"trn"
"140",-1.0977795803321,0.932405084642796,2.02562012331688,2.3719312077676,12.1172802630686,NA,"trn"
"141",0.840761249145614,1.12522790620257,0.670659018898918,1.97422051403277,11.0590510643073,NA,"trn"
"142",1.57012021221946,0.813182757723803,1.18969187643099,3.15950471031253,13.4901668019074,NA,"trn"
"143",0.966787041619278,0.027468705066915,1.36006187164596,1.33816728546776,12.8901283792621,NA,"trn"
"144",0.0696116783709867,0.0668971260690635,1.11772570384724,1.99922425348385,9.44092040587519,NA,"trn"
"145",0.568308275508519,2.52505699193494,0.477162530241184,2.2551441151754,12.2982566933289,NA,"trn"
"146",1.38105219429649,3.10013847101165,0.255479367170258,3.54120849389972,11.7821600604721,NA,"trn"
"147",0.602241305833018,2.66697722715347,-0.0741606044410605,1.19874055038955,12.0991411388808,NA,"trn"
"148",0.980865293327903,0.334717570191859,0.663239053769331,2.68319546321859,11.0351576427652,NA,"trn"
"149",-0.795040139646379,2.10194565789468,0.728278555570849,1.90225258172832,11.5160211347022,NA,"trn"
"150",1.85004534909569,2.4818734288636,1.63811824040608,2.51549113754409,13.5604890742484,NA,"trn"
"151",0.752203925320167,1.43546335443453,0.495053262070322,1.14771704974994,11.0872876703395,NA,"trn"
"152",-0.000410069256700618,0.022194599695916,3.10602874231443,0.808699940814722,8.62216331739051,NA,"trn"
"153",0.779688409979651,2.60124019324567,1.26017519434404,2.09685383560578,10.6216955948181,NA,"trn"
"154",1.80389876227285,2.53785169745352,0.917808601207983,0.874985228138615,14.5382081601313,NA,"trn"
"155",0.665402868578948,1.36966590884521,2.77807696205966,1.8623645085562,10.0317021718313,NA,"trn"
"156",1.88434420594449,1.8934470546342,0.31781764678503,1.99267356826123,12.9861975182913,NA,"trn"
"157",-0.171879557588664,2.24170954381825,0.559048394325905,1.16536185303319,6.6671579089746,NA,"trn"
"158",1.85278891738289,2.39304990524464,0.0839772689118063,1.77422381050165,11.3219788610015,NA,"trn"
"159",1.31634418787925,-0.135494035164355,1.00283774299437,1.07025516817156,9.04582099750353,NA,"trn"
"160",0.93862478893238,0.484490066201485,1.05578859643957,1.37619406738085,10.6934462871492,NA,"trn"
"161",0.174538124617737,-0.0266262230402443,1.48968707165467,1.88913824778799,11.2790108870012,NA,"trn"
"162",-0.436074867585704,0.837727989107373,1.47492477498717,3.02877210113186,11.336652238062,NA,"trn"
"163",0.48211567324175,1.02092469406983,1.6956834451476,3.99330605256931,14.0290086954456,NA,"trn"
"164",1.35202745585814,1.03486502909915,0.392211366935838,1.88302007399506,14.0709960726099,NA,"trn"
"165",-0.551370916668708,-0.31230190166719,2.59735202327532,2.04264978946447,12.1228238739859,NA,"trn"
"166",0.253814714716346,1.44884943641045,1.88214391975129,1.15984892460092,12.7858009664224,NA,"trn"
"167",0.758727334647482,1.23626084304475,1.78991668716355,3.22119802095942,14.4924624635261,NA,"trn"
"168",1.48834130305618,0.611567462125476,1.82640404663788,1.72248393621902,15.3703142644054,NA,"trn"
"169",0.811644228621872,1.79207392391142,-1.1983252087364,1.82155048175391,13.9504982080694,NA,"trn"
"170",0.268836971454089,2.26265473522389,0.777235752475384,2.53436599090968,13.0770728163834,NA,"trn"
"171",1.10348635256153,-0.723081967243488,2.24731995980328,1.66915788623559,10.7644077920649,NA,"trn"
"172",0.686865091546949,-1.35600831032765,0.919404527765368,1.53919972349512,5.94949035828872,NA,"trn"
"173",1.11769196408288,1.56816630448975,-0.306608539807151,1.70342766047702,7.07990399343538,NA,"trn"
"174",1.80429894735317,1.43284756409484,-0.201290512180326,0.632660697363324,9.38614050751486,NA,"trn"
"175",-1.72995351429735,-0.193610986483348,-0.757270040628886,2.90750855951196,8.42402345066681,NA,"trn"
"176",-0.0738995020525548,-1.39986975331304,0.778913639849347,2.40153671536386,12.1912987895748,NA,"trn"
"177",-0.7013924884859,2.3440745098613,1.98657983312101,4.35209664683976,13.4207718143783,NA,"trn"
"178",1.74310924360377,0.683995582845423,0.729985431866105,1.02188602860711,14.3374476500982,NA,"trn"
"179",1.59080905739358,-0.304295779497458,1.25874979889837,0.921102696383645,9.19449574710883,NA,"trn"
"180",2.49472703441076,2.15534602016179,0.511448317674173,2.42974645394408,11.0624644928824,NA,"trn"
"181",-0.617208888656576,2.47492297929846,-0.763686813512824,1.41871243013435,10.720745398345,NA,"trn"
"182",-0.275840799779179,1.30868655777894,2.04290584897341,1.6399926747039,11.1729122237836,NA,"trn"
"183",0.385194560951189,0.372837454623114,1.00201918190783,0.49210357134021,11.163652272851,NA,"trn"
"184",2.68309915114036,1.14664548205702,-0.618848505874217,2.54081178934923,11.1995031264805,NA,"trn"
"185",2.09452623742608,0.890652358615661,1.05123668212494,2.9643404752833,11.9662790440105,NA,"trn"
"186",3.45654233518433,0.900737258574988,-0.0900563191647927,1.88783301553991,15.3713712416961,NA,"trn"
"187",1.79522899061551,-0.295563374550018,1.46579351109891,2.03894525728533,12.7495230668156,NA,"trn"
"188",-0.223941900969788,-0.566052342349566,1.12304061537927,1.63031582727986,10.6996768784793,NA,"trn"
"189",-0.804391731426106,2.58276700343459,1.9547622256642,2.34113099419291,14.6799806888735,NA,"trn"
"190",1.67778517912514,2.53713050500676,0.466637881654096,-0.016269412210097,15.9961925330978,NA,"trn"
"191",0.108586065339855,-1.41751962658669,1.34659634154764,3.56746838547394,12.9242040097917,NA,"trn"
"192",-1.40783992742693,1.48129028293739,2.10631129904204,3.58644372719327,14.9008021486461,NA,"trn"
"193",1.36587610310899,1.89272257099642,1.12803820548999,2.36907960886091,14.6668957993087,NA,"trn"
"194",1.87151918065031,1.01389108807122,0.722322778680022,0.630815267398104,13.1353912869648,NA,"trn"
"195",1.3992768807543,0.676717202146,-0.727575768468358,2.24269661382103,13.1789046609852,NA,"trn"
"196",1.65438306770909,-0.441944028213475,0.919795259415597,2.65076867021786,13.1223737964546,NA,"trn"
"197",0.467550856336697,1.40721072560402,0.412505060841605,-0.430578035296463,14.8557146883833,NA,"trn"
"198",1.46130778027461,0.352376545222383,1.69172668139548,2.43992379003527,11.2972087326856,NA,"trn"
"199",1.67082313055971,0.83487867277174,3.03018273065131,1.95104323260601,12.2140481426447,NA,"trn"
"200",-0.92612458380837,0.547440363179034,0.154682866926531,2.11332823913278,11.1959960133717,NA,"trn"
"201",1.33735233781574,1.14755245161429,0.589528658399704,1.14916339832242,11.3798439113249,NA,"trn"
"202",0.657570559193344,1.8616129592742,2.92647129649228,0.894823073493882,13.1384267381118,NA,"trn"
"203",0.751726267896853,-0.195894664415844,2.16541644486714,2.42598392876801,11.7497124377098,NA,"trn"
"204",0.882807436679429,1.04289625752957,2.12637854401758,-0.26488975996747,17.100891462198,NA,"trn"
"205",0.484628279888556,0.385034595631767,0.989817381953839,1.92189865142406,15.11105645518,NA,"trn"
"206",-0.283301771430217,1.66069363734347,-0.257242811421965,2.15153968389048,13.8696570289944,NA,"trn"
"207",1.50448073154203,0.107014165738863,2.32944147770128,1.04034784929444,14.6479941580249,NA,"trn"
"208",1.80871151831635,1.27906310432995,1.80775476558511,2.16147607481924,14.9564628873107,NA,"trn"
"209",2.55885897219924,2.1060879924489,3.03985420741821,1.59022688233736,16.8825926531556,NA,"trn"
"210",1.63417139662914,2.19382208450609,1.76352980154844,3.0718067148407,17.4029147480891,NA,"trn"
"211",1.82701821710904,2.62844803600683,0.511302106013294,1.53810464827034,15.8311923458299,NA,"trn"
"212",1.06165113276046,0.949945056732576,2.04023501412208,2.360314942309,14.6646289246644,NA,"trn"
"213",2.60199006372899,0.0267786821736538,1.69721781069213,1.88030531185609,14.5419080086941,NA,"trn"
"214",0.815418956261343,0.0470065510908094,-0.419282607464874,2.74098211692314,11.4611686705952,NA,"trn"
"215",1.82906208924676,0.561162573243273,1.21968671496794,1.8223837771199,11.6828358905718,NA,"trn"
"216",0.821935742931346,0.528413514555015,-0.0960791154739467,2.23729699088302,8.54889385514397,NA,"trn"
"217",2.75586108668444,1.04246955249745,-0.479218400540283,1.12092584120778,6.84791326534915,NA,"trn"
"218",1.50236431157905,1.88609678933118,-0.110037860821041,0.0986395796977004,5.11355907838225,NA,"trn"
"219",1.88685394486193,1.73252763413901,0.459635506689921,1.00202389378609,6.75007837744274,NA,"trn"
"220",-0.74109739636184,1.27064989238584,-0.0124668687199345,2.29167800013944,4.4576210651351,NA,"trn"
"221",0.573180377075451,0.580439912565148,1.04300241837538,1.04535619980458,9.16277382759124,NA,"trn"
"222",1.15210818625113,1.76529365765832,0.954633742887452,1.60755694014059,10.5463620412536,NA,"trn"
"223",1.2856370513002,2.47628120301643,0.993614758270284,1.7390988487845,11.839076372136,NA,"trn"
"224",2.56559368782842,-0.8395596713468,0.579606267584889,2.44807594916557,13.4705211123932,NA,"trn"
"225",-0.200868790277163,0.047467567443559,1.45215086180251,2.04342254864678,10.749843084605,NA,"trn"
"226",-0.228939710994237,0.511792010345526,2.6927372670171,0.733622388821228,11.15957233329,NA,"trn"
"227",1.60720898377347,0.108313924115767,0.261079285829772,2.22847500307064,12.601470338971,NA,"trn"
"228",0.989223355701981,1.10781585120403,0.523831745217439,1.77658761471981,10.8035360877435,NA,"trn"
"229",1.56124046935976,-0.0986160789865955,0.742154687314276,2.17016183631868,9.23383749701773,NA,"trn"
"230",-0.0156193189133,1.21634861506096,-0.633093633162911,0.521886145061445,10.5617412228474,NA,"trn"
"231",1.94812846496068,0.145531061560287,-0.463890665159903,1.55967436631076,11.9725834715657,NA,"trn"
"232",1.83451501561537,1.42691796287244,0.717803400651721,2.76488237945467,13.4957296669533,NA,"trn"
"233",0.555156340148892,1.27281862651249,1.82088139333543,2.46809548243095,14.7678724364184,NA,"trn"
"234",-1.75307880991567,-0.118111385306853,0.976563134750819,1.76196789125529,11.5025788570664,NA,"trn"
"235",1.43383647462738,0.684821780929743,-1.43989649399919,3.90217408805203,10.9888878579838,NA,"trn"
"236",0.946364905325915,1.82508995082833,1.6652553555882,1.46988322325854,12.7994724524165,NA,"trn"
"237",-0.215650615284563,-1.08832726147972,-0.466560736657338,1.98965891843101,10.0336483995161,NA,"trn"
"238",0.368646878451738,0.260975154572564,2.61924999645192,1.68284453410441,12.582592835927,NA,"trn"
"239",0.700316196658815,2.5944108155007,1.3790030250227,2.56342076484882,13.9290120451626,NA,"trn"
"240",-0.38673278596443,-0.736280831161868,-0.135172938707051,1.64352672532858,11.5158100167562,NA,"trn"
"241",1.3941573982258,1.14126281134755,0.952835890380715,4.29889269425946,14.299378975619,NA,"trn"
"242",1.95135427101532,0.640410620454153,0.826551053157178,2.70500571191087,10.0820284867337,NA,"trn"
"243",1.15561284538366,1.34609359480926,3.44106993841188,0.585110440506613,8.90457178973478,NA,"trn"
"244",2.11553621827437,2.14065158856818,0.773090623377317,1.45495605720921,12.014853582797,NA,"trn"
"245",-0.265069413241974,0.961949169486551,1.02918164315582,0.612675014135653,9.54476518357869,NA,"trn"
"246",2.27340241739883,2.54649449715625,2.89938770470827,3.38925941062174,14.5632792250235,NA,"trn"
"247",2.04008711075007,2.86741877877938,1.50943883027941,1.43123670216174,14.7212885517529,NA,"trn"
"248",0.817000479110669,2.19149904043441,0.891733424890669,1.59299882982565,11.65143928541,NA,"trn"
"249",1.3389683198905,1.33990224251014,2.43340335197645,2.28999757858709,12.5639724913233,NA,"trn"
"250",1.93111614281292,0.0153108248242094,2.03836130725295,1.48271463299763,18.6031575410125,NA,"trn"
"251",2.16783843287019,1.41386757541005,2.53683547267777,2.4506309211706,17.4614809160247,NA,"trn"
"252",1.95553992707618,1.63511425584845,0.170939210224797,2.51351912105142,14.5251703812873,NA,"trn"
"253",1.44649567687719,1.20367042698562,1.09209170370334,1.59868632111652,13.2383257478669,NA,"trn"
"254",1.04070066855145,1.77439793821073,0.954624333423292,-0.365848911210943,12.0362430780499,NA,"trn"
"255",0.677234495594333,1.13369822859686,3.21154476011092,2.11139652961009,13.9424461834567,NA,"trn"
"256",2.58054304366321,2.07232629971522,1.85767466541066,1.76295803937898,18.6511994507421,NA,"trn"
"257",1.26364940080074,1.65975317503013,2.14103997348669,2.73786129633558,17.7938500131728,NA,"trn"
"258",-0.499234546054981,1.08389727552944,2.27385521301124,2.82543714246358,15.817729094376,NA,"trn"
"259",0.0324011294068003,0.931931811644164,0.23882125389895,2.71449238544661,15.2605516277748,NA,"trn"
"260",0.317154253657979,0.413101824855889,1.19978325039644,1.95803526882659,12.670879963809,NA,"trn"
"261",-0.8081730100586,0.313524519660203,0.299288244597938,3.49870322572169,12.7096416792813,NA,"trn"
"262",0.253119925715245,2.14642195782876,0.599400516872204,2.01869625379305,12.9445454520163,NA,"trn"
"263",2.20430634426028,0.936211610283033,1.42130622112275,2.66523889442845,15.869255350145,NA,"trn"
"264",-0.708575467926128,-0.0676915686727229,0.204137833689315,3.10300727493825,13.0213502021967,NA,"trn"
"265",2.73007729765611,0.417293889816217,0.571710932727717,4.02247122960566,15.2307791551076,NA,"trn"
"266",-0.206069050960418,-0.909949384965906,0.442577677717256,2.76236682356601,10.7490881380887,NA,"trn"
"267",-1.46553558440155,-0.160721485823913,-0.635184691109853,1.16625491219202,7.99857965773485,NA,"trn"
"268",2.24155843688146,1.11868533468098,1.21553622441349,1.59443093037637,11.6934423415447,NA,"trn"
"269",-0.0844565444231731,-1.08030443031804,0.651698640689211,1.69875482144982,9.79460412368989,NA,"trn"
"270",2.58408615516069,0.103402223317577,1.03615749556979,2.01851823266873,13.9553899810703,NA,"trn"
"271",1.81696071883457,-0.757313929664154,2.0162367048027,2.17098559799916,14.2650220246893,NA,"trn"
"272",1.34306252157492,2.08760703232914,1.02484069861156,2.3295160355993,13.921006314051,NA,"trn"
"273",-0.84628764626494,1.7155878954189,1.61234710395697,1.83424451061393,12.1965217859724,NA,"trn"
"274",1.49599673375247,1.31691015703201,-0.26533819599246,1.94088315719127,13.6529849529345,NA,"trn"
"275",1.20523697568175,0.593880681687283,1.57616249521,1.57492912481374,15.4962474588186,NA,"trn"
"276",1.94223621504848,-0.162092195312933,1.63359585602598,1.84059534803071,15.5996139520374,NA,"trn"
"277",1.68081459377151,0.78148189838944,0.806260924928955,3.37869875693078,13.8428116872824,NA,"trn"
"278",1.80343845761376,1.57256358710772,2.75400179780508,1.84295147387559,14.2073204456092,NA,"trn"
"279",0.834755054379639,1.92719782369508,1.05620703197938,0.939324042716579,13.6706190803639,NA,"trn"
"280",-0.253932270220673,0.979821162474216,2.09133068121013,2.94009543312265,16.2807911481746,NA,"trn"
"281",0.71936552781791,1.04906412223243,2.17471491054629,3.05700687239702,18.27088763182,NA,"trn"
"282",0.500797094309226,1.20994172813141,0.889410925215148,3.1228561488896,15.7608482181469,NA,"trn"
"283",-0.66527276413362,0.0264621591951701,1.28431210004284,2.49789609862946,14.1752153592326,NA,"trn"
"284",1.78608276962019,1.47296919142153,1.07603461008756,3.69692817753377,15.3695103056771,NA,"trn"
"285",0.0767789141655347,1.51659391631032,0.0172138593377512,2.76712549418173,14.4669341533268,NA,"trn"
"286",0.291921226091467,-0.927407781360616,0.91277926222962,0.23190249322982,11.4426808651027,NA,"trn"
"287",0.755011733277541,-0.219076423207615,0.185474353351414,3.36604955497571,10.8875558069374,NA,"trn"
"288",0.386268886182431,1.6625149959075,0.0732833464483817,1.0701261227693,7.75618032708241,NA,"trn"
"289",0.642352256879122,1.32241504142773,0.314609506304323,2.19834496918854,8.02150299128691,NA,"trn"
"290",-0.297286199953338,0.474762744759563,2.75064716988745,1.40717474319084,6.74420077117167,NA,"trn"
"291",2.61493033064828,0.184504021457307,-2.20222047749382,1.42556738581199,13.1726190089531,NA,"trn"
"292",0.264999924894841,1.21481374366209,1.73426030046865,0.854954819519943,12.0547311038101,NA,"trn"
"293",1.4850515482752,1.89835263602696,2.71591436475001,1.35645652573061,12.3300768422677,NA,"trn"
"294",0.240121523326667,2.53154910968994,0.683444440053728,1.8605116865156,11.8425086759194,NA,"trn"
"295",1.32107289265049,1.72245319739571,-0.685537801110103,3.51811902964606,10.8752459870931,NA,"trn"
"296",-0.541129647492962,1.43825328557696,1.29315181375445,0.94770542840381,10.9760792677804,NA,"trn"
"297",1.7572166480852,0.449863597620655,0.888419187591313,1.24057652925584,11.1723447084829,NA,"trn"
"298",1.86911508382547,1.84749802285572,0.29671316280577,2.09119744087885,12.8590074219907,NA,"trn"
"299",1.56530828105422,0.877198209751104,0.845885328821284,2.46677563305668,13.0888715099179,NA,"trn"
"300",1.57776082903005,-0.823600910349769,-1.32574891983551,1.11122907586748,11.3629037161183,NA,"trn"
"301",2.25606394540807,0.902488489538438,1.83400515081769,2.78279114661107,17.2115341566725,15.436280620747,"tst"
"302",1.01060781712844,2.89971247861615,1.7247737271027,1.77569273358148,13.491730099553,14.286507393187,"tst"
"303",1.02141200345239,-0.94457233600772,1.99025359071642,3.35527062854401,15.1438796679091,14.2686817662539,"tst"
"304",0.993670495751971,0.632559013046041,-0.548060551649331,1.43907858382733,15.1834364937972,9.89681642530308,"tst"
"305",-0.676177891398709,0.66547522338818,0.143976080034697,3.16292183216927,11.0995747120512,11.2738879342084,"tst"
"306",-0.858794819212132,-0.204754815467058,0.768561970605437,2.1302270923828,11.021528973484,10.4221273614858,"tst"
"307",1.72976531908354,1.46780450178904,0.737307295574761,0.152176455911415,12.6159729301354,11.8288033011671,"tst"
"308",2.3552462926494,0.217367349341433,2.06691305960984,1.61994600140147,14.7997632322937,14.1932437824444,"tst"
"309",0.695709564501755,0.0652874244498228,1.59458827672801,3.6306732725151,10.9131997802179,14.2222023786422,"tst"
"310",0.96590132779436,0.964208242933062,0.242795015187804,2.07506043843212,11.4098061176674,11.0977281114544,"tst"
"311",1.42141649250671,2.19038364839144,0.45288055356919,0.296482671171006,10.2616478018906,11.4836699905231,"tst"
"312",0.242280980038612,0.0351515262595971,0.3470856152052,4.31710251678632,9.33575864198709,12.2779094389658,"tst"
"313",0.112773548594632,1.04884724625565,0.201096985470395,2.83425039260262,9.85924481422153,11.5122623969608,"tst"
"314",1.80756770942924,2.3612135707475,1.01240128422624,2.10097638242516,13.8552066559459,13.7784061248727,"tst"
"315",-0.113221041626786,-0.20832051872864,1.30684361510767,1.13452854703815,10.1996260629285,10.6450910203493,"tst"
"316",1.48676356627735,0.923404661357719,1.62266079999876,1.22979829395053,7.41977682389477,12.4613886077906,"tst"
"317",2.06370119477273,1.77416707777653,0.792962639875593,3.51530054363793,12.2325430088478,14.7247394079855,"tst"
"318",1.15716747707474,2.1212960367882,2.35979725509627,1.07659437776024,12.8365091080277,12.8434387888989,"tst"
"319",2.63324900508206,0.691089494123367,2.29473410935976,1.68211711992391,15.8025177505716,14.5941291893675,"tst"
"320",1.91508951592584,0.306809288254333,1.776321932001,0.760982056628952,15.5118668273399,12.9137493404117,"tst"
"321",1.1558136410013,2.3752540552779,1.55332456393461,2.91562563880834,14.4010893401352,14.9134824200364,"tst"
"322",2.35423142746778,0.924352150854054,0.352591235303513,3.08043791221339,16.3485917605116,13.9923855641014,"tst"
"323",0.379437469050438,0.789021243703299,-0.500998130696511,2.03951812009674,13.8605405145939,10.1922769532296,"tst"
"324",-0.272072981996903,0.857464419143301,0.203593524918949,2.88481625206461,9.79405124231139,11.3258033835428,"tst"
"325",-0.334015139368406,0.751127883232163,-0.655686198995388,0.470904831560254,9.04505498098675,8.77514951540074,"tst"
"326",0.520727172648122,0.58849427627989,1.3405821811009,1.68116898130772,12.6031144749911,11.7749963701674,"tst"
"327",0.310216888235736,2.34223220410405,1.92692609219896,1.90289836081306,12.9504528437214,13.3913919789569,"tst"
"328",-0.22499880579116,2.22050963145047,2.50613095688589,3.33904135945968,10.1420156244563,14.449615469554,"tst"
"329",0.234338930259369,1.81460682533407,0.429629317691991,1.95346233355353,11.4207616677347,10.9694823598587,"tst"
"330",1.21490951249017,2.53411947323419,0.473340001849417,1.30868727947669,11.1247079138558,11.7531408487848,"tst"
"331",0.529571465793841,1.43432373261106,-0.171524981834272,2.3692659683548,9.98570834180691,10.9254431064323,"tst"
"332",0.819883826726938,0.697694698888896,0.968496632292389,0.755452346183047,11.7539107451836,10.768942185937,"tst"
"333",0.591694796931567,0.384952804053688,0.299728594890191,3.05603825527879,12.1589649182296,12.1438271052815,"tst"
"334",1.25719640857219,1.24591558054459,1.30847852534567,2.49376586535659,13.88516534449,13.2867638743359,"tst"
"335",0.970627031316047,1.35494354258565,0.33130167954395,2.67212446117106,16.2786150959146,12.0409240955957,"tst"
"336",0.930549306430062,2.30886958667498,2.34529162972994,1.74122260977193,16.9151431106244,13.5590369091729,"tst"
"337",2.01851769683182,1.74760283354977,1.92625222177903,3.12604118283427,16.8193503348915,15.8648783461089,"tst"
"338",-1.06922096893614,-0.37377815494403,0.267653221458384,2.7337896642315,10.1748120192039,10.3295932230223,"tst"
"339",2.93118945784686,1.44512372451103,0.511919465508401,2.02906649969112,12.0906073781491,13.6618331323553,"tst"
"340",2.3961541680047,-0.546794565187843,-0.977331529874307,-0.0217089886501114,9.36543967858132,11.4982672670589,"tst"
"341",1.92445520114312,1.31924274692384,1.94644971859391,1.25499164143031,10.9992156123548,13.3711982437071,"tst"
"342",2.01810019571602,1.27751975139977,0.86048041362013,2.05096532862435,7.67118609498096,12.9886555516258,"tst"
"343",1.48442703985891,2.55008137111347,0.221548846139481,0.720803140843224,11.3468695522604,11.5274472926537,"tst"
"344",0.826569152496161,1.08894915616833,-0.772903364572905,2.08407914407095,11.2889176885335,10.5946267432804,"tst"
"345",0.64357305974992,0.500659032711182,1.82824513437805,2.29750827214619,8.99006890432244,13.1546654577717,"tst"
"346",0.756151826866335,1.13104833834756,-0.339534951633543,2.27099052185324,10.2331182656189,10.7893173071564,"tst"
"347",0.170519365855001,0.0748017063758796,-0.589946990096517,3.16393559615257,7.92688587300519,11.3925703198381,"tst"
"348",1.17732080632773,-0.125322676465384,0.105320414393242,1.87782563623706,6.42266796589729,10.8000409951263,"tst"
"349",-0.137800787370297,0.563159802417833,2.72569688906591,0.841860460979708,4.15624108524785,11.0092354990222,"tst"
"350",1.05624556628223,1.5076920309964,-0.746272428015497,-0.0626614917874226,6.73035441072302,10.3631143226226,"tst"
"351",-0.103049706905311,1.98750973122361,-0.302436933725232,1.25157127616933,5.43456184138743,9.50368951479991,"tst"
"352",4.44351275237846,2.49901119958639,-0.334889650958762,2.07581693433041,13.194525140357,16.0666394629511,"tst"
"353",1.11785053394111,1.05074757144334,2.16680276138901,3.69236193028891,7.35862062299017,14.9973045193461,"tst"
"354",0.336216996895637,1.77981931630804,-0.312901340057265,2.00904038408635,9.82456953187468,10.4533112248603,"tst"
"355",2.23244569203763,0.281427419255605,0.219315246559924,1.59958986900852,10.9941443725227,11.849202090014,"tst"
"356",0.775501109244927,-0.242523533375942,1.11515857628642,4.19922577652432,10.8868438983193,13.5544903466328,"tst"
"357",0.557060563748464,0.173744679832704,0.719483879303402,0.634359979459069,14.7265982251742,10.2600356049989,"tst"
"358",1.61854535637956,1.27063391606474,0.0725253520110934,2.61083371589995,14.5447738233039,12.3144642089392,"tst"
"359",1.95537860390734,1.59603969718086,3.132350986975,3.20421143707079,12.7256462590697,14.953212955253,"tst"
"360",0.122031264336787,1.92997103241562,-0.360892221258881,2.31247410108778,10.041419747402,10.7537328652789,"tst"
"361",-1.48778059884797,0.645495451696301,-0.227639756502486,1.57907792692434,8.7688462637876,8.18671231773992,"tst"
"362",1.4595002088589,0.964452006325708,0.216246174015016,2.64672588768197,9.99888884680037,12.2603584338008,"tst"
"363",1.88789331610268,1.00610796282965,0.947122153583862,1.63949580979276,9.56813444942042,12.4423656496811,"tst"
"364",1.27972268969145,0.540610326220981,0.536013697570777,0.777894712600169,10.9649303736207,10.5553293946962,"tst"
"365",0.36511386846838,0.365630511144007,1.31006089993001,2.0241266559447,11.0064664790961,11.99941452241,"tst"
"366",1.27691798399431,1.83419509599221,1.39090321708516,1.15329362748767,14.8336403844928,12.1591264082342,"tst"
"367",1.54493748842597,1.56261146020359,2.12576302011754,2.97367455720491,14.9524619746351,15.12551763099,"tst"
"368",1.54969769811367,-0.063628463043691,0.800057494538638,2.20942084926215,13.4828961078954,12.3850278515728,"tst"
"369",2.60848004425371,0.15607332481996,-0.317052011837782,2.2113653653378,13.0562358004009,12.5833825200561,"tst"
"370",1.80949688373807,0.192076259935186,0.090272175583707,0.616877097945337,13.3367642618284,10.6786840570342,"tst"
"371",2.0691618792152,0.401524465155731,1.50325972175075,3.40154141191975,15.4375100977326,15.3895951825413,"tst"
"372",-0.391015337453772,1.21870120542474,1.19426421551366,2.01964551758978,13.3898591837269,11.4455109491143,"tst"
"373",1.03893084870421,1.26002940619891,0.0404448570531437,3.47918079272936,12.588481148725,12.5576729991231,"tst"
"374",1.1006269055714,1.51868107122227,1.14171103172093,1.47281602323837,14.1820016399727,11.7820349411049,"tst"
"375",1.25769109231175,1.12084382711648,1.59716581825629,2.73730823251708,14.6498989440542,14.0093111121663,"tst"
"376",0.97183787493077,0.251031788097614,1.35683015867899,1.7317632304875,12.8563327384539,12.1205689639417,"tst"
"377",1.41146090314081,0.134983304320616,1.95158796321772,1.99868961223354,12.8369119649317,13.4724701474692,"tst"
"378",2.35997369096028,1.34692636529831,2.42951601616596,1.79945208556088,16.664611245394,14.4113443672942,"tst"
"379",0.515345762299523,0.817820275566018,-0.324521690359135,1.39908199049506,7.66745942175199,9.60807041536044,"tst"
"380",0.662526354067803,1.98410795622695,-0.0290587360793031,2.11015524184352,11.5203428791046,11.1080008483359,"tst"
"381",0.772976019242438,1.65613838838039,0.262357318834827,2.36639524127794,12.6684578480532,11.5216425191766,"tst"
"382",0.808173039625387,2.00495522537458,2.17216767905707,1.24916680109311,14.4261151936085,12.6713471857546,"tst"
"383",1.18844257437239,0.591809619865529,2.91657578328578,3.56602927536955,15.1109273092398,14.3583243401434,"tst"
"384",-0.572961691333927,1.39177202955522,1.17535683778675,1.0434571377066,14.3602568522781,10.3439943401645,"tst"
"385",1.20225763167459,-0.266110832536282,1.13537261665843,2.41873850202813,14.7831200275137,12.6780915359782,"tst"
"386",0.524928042245207,0.878809078632944,1.21351829569762,2.63904485005326,14.8870761684346,12.7731997754629,"tst"
"387",1.535310229287,-0.155416704339882,0.904583526833797,3.20607206402777,14.5865252494107,13.7210377015571,"tst"
"388",-0.472856370957377,1.25541477060133,1.86349848323897,2.31440892620023,14.0873121383878,12.585908620262,"tst"
"389",2.29203505101222,0.612666561608769,1.69432163140189,2.15403072740905,18.3530635832471,14.4837566431839,"tst"
"390",0.830227141654105,1.6888643085095,1.89900219772721,0.430839223258281,16.5009782779309,12.3040325834865,"tst"
"391",2.0085751285043,-0.264465569267801,1.78735734518615,4.08861827168558,15.8393141666411,15.6636198855283,"tst"
"392",3.04097284121687,1.61834836501018,1.21384165938638,2.41056125747904,18.9405855630327,15.2682390738342,"tst"
"393",0.236826454582831,1.48247907007884,1.71634800662455,1.78950132889289,14.397538329154,12.3401276181291,"tst"
"394",0.972422767110838,-0.256450610039982,1.60245294725513,2.1202474135025,12.6453337504098,12.7819881630684,"tst"
"395",1.70907138559132,0.0810476878539761,-1.74323006675056,0.166832396968834,12.8289605367229,11.1747605193033,"tst"
"396",0.463773535883626,0.799314638964468,-0.374220439041518,0.630054590448234,14.3251569382261,9.23125889328779,"tst"
"397",0.568197327761883,3.27000277364881,0.935613127939219,3.00622310189158,15.0047927735889,15.039708971854,"tst"
"398",2.90084079858675,-0.309276547906634,2.10001119799355,2.96284564079893,13.5490686436309,16.4160062149213,"tst"
"399",-0.599631112225084,-0.0955428093387454,0.12188424740951,3.126719994379,10.7089170769661,11.2014365877731,"tst"
"400",1.52946762314783,-0.508043557086751,0.0841845602948506,1.22547439609644,6.19735397958293,10.2977125707759,"tst"
"401",1.58186611669451,1.17224210572662,-0.613125974050538,0.789912131928838,10.184699578359,10.1460879360972,"tst"
"402",1.85192769642078,1.31476604439728,1.08895643501975,1.03046447783843,6.98611354525277,12.0888941816717,"tst"
"403",2.00165889522468,2.7336897586563,0.665698498369557,3.08624458533501,10.4241221435195,15.2944370052079,"tst"
"404",1.7116410305697,-0.591004342935959,2.13091132883194,0.161601712843891,14.4113056368972,12.9720303680904,"tst"
"405",1.08203297518524,2.66335218226635,-0.599357956426839,2.83699017905337,18.7949946410583,12.9383660877123,"tst"
"406",1.76554283169826,0.309836504973102,1.55164522586826,3.97452610514453,17.9441973258862,15.2251437743033,"tst"
"407",0.166411236232228,1.30747257073021,2.13210377715158,0.483433742935852,17.6635200921784,11.7825713877798,"tst"
"408",2.35782300599507,1.18412969473082,0.376325585791455,0.461574509561383,13.4354291874623,11.7772212804568,"tst"
"409",1.91622380725242,1.32131036558849,0.011871463106219,2.69831715540758,10.7618395882781,12.7485778960117,"tst"
"410",0.374742954376139,0.948007193804138,1.48517700582135,1.13339545723843,14.0972749465562,11.3447371156695,"tst"
"411",1.16429590701175,2.60911469095567,2.27426561052189,2.59321518468527,15.9548518735919,15.193292116243,"tst"
"412",0.639074055368265,1.09242085302245,0.0455450581529696,1.85359584841125,13.612545642928,10.4823461331973,"tst"
"413",-0.867258305682559,3.0844852916783,1.38168324372032,1.56276468963118,7.42586074218154,12.5997844785435,"tst"
"414",0.297590166333212,0.742051561301994,-0.53644618101019,1.64689443491734,7.29363545880081,9.68964975357259,"tst"
"415",1.54490793134379,0.406811940610255,-0.0472342098687442,0.776563283412325,6.71135476030448,10.2460379605895,"tst"
"416",1.58477787830207,-0.435054222361797,1.44315464444634,4.1742941091934,5.37358614089143,14.6750167261114,"tst"
"417",0.63387149432273,0.904860578340506,-0.117051988603493,1.00095543621063,8.54514899883766,9.49887442735736,"tst"
"418",-1.09121687320154,2.86512220658605,0.545623827126967,1.20659682910472,6.00496749875491,10.5248313674484,"tst"
"419",0.238293478459115,0.066382586445513,1.01455310864922,3.83139929232029,6.48316667709111,13.1511983695735,"tst"
"420",0.0724776522195878,0.102417035890895,0.685553309403226,0.808906148590989,8.70813420502806,9.86142804424597,"tst"
"421",0.140082408112625,0.50755462134044,0.446562260472394,2.38196976397894,10.4826006020423,11.1237645984939,"tst"
"422",0.841587276055552,1.70243479653712,-0.205827880011494,1.64605276880482,13.8754831196044,10.3753609327351,"tst"
"423",0.756986912134358,-0.0525565913199602,0.273194350738536,2.4687515414742,12.8676407225475,11.3803527362844,"tst"
"424",-0.161692960152144,1.6272774445104,0.864598784857492,3.67820455644399,12.9466520205095,12.9124334804945,"tst"
"425",-0.325846700663159,-0.450785641447986,0.898793294990993,3.7326683389959,13.7231162500387,12.478273869143,"tst"
"426",0.72169807123203,-0.90239418741484,2.19983353739301,2.79875262430205,16.21542650744,13.5825321110868,"tst"
"427",-0.0736340778052003,0.203190947624343,1.33004625523174,1.96468029535373,15.695963843357,11.6654415502399,"tst"
"428",2.0365267506684,0.17970066386311,1.62204835462342,2.95171900418437,13.3439240530275,15.1250818030823,"tst"
"429",0.779217815858999,0.352949518452798,0.876613382075097,0.67855040165817,7.64303152779618,10.6116771077705,"tst"
"430",0.588474078111135,-0.63580464389469,0.687677970778757,1.24477101113419,6.9176399088094,10.1546788669136,"tst"
"431",0.67380252980693,1.2068168772911,-0.68322851360091,1.07648291790548,6.83585709112821,9.45563657616053,"tst"
"432",1.65951302040715,0.525417824974286,0.339474644673394,2.77420854525643,5.58177242660928,12.778149278187,"tst"
"433",1.16702050821369,1.23156507959936,0.186166551926437,0.737971197454806,7.73769194807168,10.137847368504,"tst"
"434",2.12053881858197,0.625984548069215,0.651668471037698,0.116354939190596,11.7896274370011,12.0813857935303,"tst"
"435",1.5716455461876,1.27555816830028,0.706940705150928,2.35828989796503,11.1191172480402,12.6273065599784,"tst"
"436",-0.0399305402796144,1.53528272783726,0.0763899752631698,2.11848826444497,11.6064365258649,10.4688582268256,"tst"
"437",1.16413586409495,-0.893792923171839,1.21818003689324,2.30325288028706,10.1983957478298,12.3149155452631,"tst"
"438",1.48504638973609,1.79601928623065,-0.369249532376026,0.481756833775226,11.583956014973,10.3855814502319,"tst"
"439",0.845588508318921,-0.189796053310492,1.98798434289241,1.48114899185757,6.03248792435407,12.344084834859,"tst"
"440",1.10240221856888,0.878852960539732,-0.286964832685253,2.23749489627615,8.5997784283589,10.9695773169485,"tst"
"441",0.875929453033984,1.01701658905364,-0.666882621845571,1.83490535812624,8.47410074639494,10.3131674940219,"tst"
"442",0.922983461313074,1.68447793740497,0.594525886821837,0.0421509072555002,10.2813948767045,11.0646489036169,"tst"
"443",0.0534674195939953,1.80119379105759,0.688493733241165,2.9632569279672,8.819784528929,12.4552807171048,"tst"
"444",-0.318604460609637,1.15575079635936,1.41146306096278,0.769000366883519,9.62225380534035,10.7355560629284,"tst"
"445",0.558801878094773,2.8086308552511,0.890248835606054,1.65446336976969,11.484512749869,12.5910030621048,"tst"
"446",1.5372787932497,-0.599530677004021,0.706689018760684,3.15697930567136,10.9210542204365,13.2479061832419,"tst"
"447",1.16462138672398,1.50223486887873,0.877064849731273,2.21549378772904,8.64176612501301,12.3082335986829,"tst"
"448",1.17102403538162,0.319373166196526,1.09197809166604,1.45700156324904,10.2002848928427,11.5895437841473,"tst"
"449",1.21446760430844,1.07465550225365,1.05629943163822,0.855030441110127,11.7146040548963,11.232648594999,"tst"
"450",1.07159293347904,-0.0904227565661571,2.47815665389695,1.54436593019416,9.43346201730884,12.4692114906678,"tst"
"451",0.56197654480454,2.15918311372524,0.759212999200815,1.06246986842126,7.71479611094885,11.0040645912396,"tst"
"452",0.62583750018269,1.54088712398895,0.236767309924905,1.23406257687779,7.5198413800773,10.0839031074738,"tst"
"453",1.30108307092664,1.59165492893028,0.312759934058014,4.28287578207686,9.66818477149182,13.2282034659949,"tst"
"454",1.45760251459147,2.96297076493284,2.30797210112363,3.66545592001832,24.0209819646133,16.9217115778519,"tst"
"455",1.71836548557571,0.163089485719601,2.71630008902832,1.2998952292269,22.1755216021111,12.6975961694442,"tst"
"456",2.18750524567573,0.863931260028961,1.91429995511521,3.40124920759436,17.6455754191815,15.990808095823,"tst"
"457",1.71374556490308,0.318370010527063,1.26081411790877,2.11222605604811,12.3382433655843,13.1617476021019,"tst"
"458",2.04880268002531,0.632674761221116,0.482382573292354,0.754599425707295,10.9828793923481,11.3722550861466,"tst"
"459",2.11004807703972,1.34021631263682,0.349837013803598,1.41564352336229,13.1347272675755,11.7508363078745,"tst"
"460",1.05723766140541,-0.308561594256729,-1.25464949348305,3.17629132467946,10.1205948728649,12.172957450299,"tst"
"461",1.46408282162767,0.735122927024308,0.572296665873244,2.49788789970532,10.095303970017,12.4376342474367,"tst"
"462",2.38115196486464,1.42392874069224,2.79472584732271,1.81071859649255,14.5601571214436,14.106199457619,"tst"
"463",0.160466211060941,0.513279367838597,1.37221669984018,1.8813247373397,12.478736611984,11.8013032785534,"tst"
"464",0.0157986901934011,1.31086620248989,0.0100412026235898,3.11782247141912,10.6934632665244,11.6506878763501,"tst"
"465",0.446668486282345,1.91984370916428,3.41898135167563,0.184512873346813,12.5921869756812,11.284809473515,"tst"
"466",1.35813086733206,0.987534222041988,-0.182912989783047,1.20546718274336,11.7426742363969,10.1482161199007,"tst"
"467",2.11568226849481,0.236531288896564,1.19396396180032,1.36243946679392,10.2159502067814,12.6817716008783,"tst"
"468",0.292854463808422,-0.141111095179365,1.08914980088687,1.45661542036058,10.1648837347682,10.910356521532,"tst"
"469",2.87325537839182,0.967116709374727,1.91643499283186,1.23669856190496,12.0254338633277,14.4099178529614,"tst"
"470",1.84190148205655,1.98733155643878,0.482022581599916,3.89514949364665,11.7389604023353,14.316840865332,"tst"
"471",2.34198375388302,0.0660058525748384,0.88376344644817,2.37263586673398,14.3285014241488,13.652221277487,"tst"
"472",3.09388759945729,2.05603086310184,1.79039313004904,0.964358312063363,16.5236179853813,14.9187417229709,"tst"
"473",0.691618115158239,2.14620676787179,1.95769432072104,0.184670479219115,16.6566330016064,12.8417295684106,"tst"
"474",-1.40854327276662,1.91878846297274,-0.257229488444486,2.01844179037177,13.0988998736177,9.14141252232896,"tst"
"475",0.935337441424237,-0.481615661081437,2.52531267885919,4.25488653896253,8.92925240188494,14.4141586709948,"tst"
"476",1.57923344969417,0.803692766711268,0.201995373465741,2.30161462092944,12.4785368114978,11.8989801292376,"tst"
"477",-0.373767345480557,2.55688567297149,0.0104969667455728,3.21434169238065,11.6996836127651,12.5204290754622,"tst"
"478",0.0981032273862174,1.4760274424553,0.997963325025014,0.706950024836137,7.17523218078103,10.4784428173423,"tst"
"479",-0.480078032818892,0.892792671254194,1.58680747309759,1.10079325066151,6.69449778176762,10.9206856058211,"tst"
"480",0.929235660137408,-0.968013346383265,0.857286671816508,2.35062269447046,7.53406692327864,11.645076678873,"tst"
"481",0.929665035412512,1.7025252084116,0.764505712052543,-0.0684346982435091,10.0996134568942,11.4408484113148,"tst"
"482",0.601293310339973,0.56094846971955,1.56250437564678,1.48035099554969,10.6018782579823,11.8978213778449,"tst"
"483",0.980233033933653,1.07473601968068,0.890469546465606,1.65519434533306,10.7217774689808,11.4496178278022,"tst"
"484",1.18652847898962,0.36297694735299,0.381913314687547,1.46140808963272,10.7398727792549,10.6898889493747,"tst"
"485",2.31142311710491,2.52187743702661,2.05086399677745,3.27589539990381,16.3622340223578,17.1759197911136,"tst"
"486",1.37305815045478,1.0157432114645,1.53195320920791,2.13419654147705,13.2754558333012,13.2254362781297,"tst"
"487",0.430258527693822,3.23047318502353,-0.765039958578619,2.6179745655096,14.7673937653286,13.0698224833078,"tst"
"488",0.839141194353705,-0.499038808946972,0.636694709277124,1.98546911312954,11.1622567548815,11.1237124860575,"tst"
"489",1.71378906646153,2.01990518216385,-0.464476349535226,2.77114970912114,16.4698678466362,12.7399434399972,"tst"
"490",0.586584695091642,0.613776253806446,0.530651995028842,2.65599717196931,12.290703075345,11.905740623279,"tst"
"491",1.68725999540881,2.30166989121956,-0.0313311089892143,1.82163295226408,15.8468740831565,12.0455212305601,"tst"
"492",-0.377974821950001,0.527469202670242,2.16852611983827,3.02344023333808,10.6125534333847,13.6092862362652,"tst"
"493",0.102729445112329,1.50920178283772,0.310101382405303,1.17724328275138,10.1889855882543,9.75867777682762,"tst"
"494",1.29064779285622,-0.288848466681092,1.0013863181926,2.57939174829069,10.75250587803,12.7893027044247,"tst"
"495",2.01976348019595,-0.391009358248483,0.155010811007332,1.72258836897817,8.9751911943138,11.52244946565,"tst"
"496",1.9701755801952,1.3955104527732,0.562496527875042,0.0981299848537383,7.90228795580436,11.926488092341,"tst"
"497",4.18599988475202,1.25687138673706,0.67746160882592,0.868516370733879,11.2650281759668,14.5694219589554,"tst"
"498",1.07081052555882,0.356998504044261,1.09235432833646,1.62109510731428,5.7612480248862,11.6994734923377,"tst"
"499",1.0277707152004,1.9786242325051,0.359973257307373,0.685382601246721,8.74862715584964,10.5716112444102,"tst"
"500",0.570187874041215,1.65136294673532,1.11433053703275,1.40372581446813,9.96188288813013,11.3714052831263,"tst"
"501",1.60952734177059,-0.201791279412017,0.0707024138811871,0.732081410574052,9.5339286283554,10.3176197516393,"tst"
"502",-0.00660851867792522,0.314447718576877,2.38836142154847,1.44427682284135,9.86001584743412,11.7790214766701,"tst"
"503",0.404662347976966,0.648663448750989,1.67311029967907,1.72440877211548,12.9599800706388,12.1960925968307,"tst"
"504",0.14572263654842,1.10427665524675,0.38864397910703,1.80953676831942,11.4163962818217,10.4526277882432,"tst"
"505",1.47467423008433,-1.69027396980089,2.50391102001802,2.53866803485263,13.4356012522477,13.0734231883171,"tst"
"506",1.61935254644389,0.617512156865185,2.44471777511033,3.14600775378898,15.6492722399051,15.0840662995674,"tst"
"507",1.20199898118487,2.06589039089243,0.907250972329914,0.569360665355628,16.0505546808709,11.5265489883658,"tst"
"508",1.74762459657831,1.06142060794712,0.605943027673848,2.36710053416102,11.8002352706479,12.6745856017369,"tst"
"509",1.41746552859571,1.28988118462819,-0.0367506742075077,1.84471025292468,10.5236559904285,11.0622061376881,"tst"
"510",-0.49582387613097,0.327883715869848,1.48318797281896,-0.282596141960219,9.42307534655861,11.593362472635,"tst"
"511",1.20785300505802,-0.647379692960907,1.18293994606803,1.3211448312405,13.1917472244986,11.329714860235,"tst"
"512",1.07130007099881,1.13050999306074,-0.391539169742587,2.61938231739325,12.2993305058545,11.450914507645,"tst"
"513",0.561963119034517,0.450164867728291,0.911934125984409,2.13505825163509,10.9111575067619,11.7013630410339,"tst"
"514",1.51746480850576,-0.160103732049328,0.997140429271774,2.32397063315013,13.4835748892588,12.7297097578202,"tst"
"515",-0.7835326892521,-1.08732993586616,1.11002906950861,0.715903427268737,10.4354536125397,9.34725859554535,"tst"
"516",-1.1972782852208,2.55357284903745,1.92367477263629,3.3107710003911,10.5772006710709,14.1336974380494,"tst"
"517",2.02145741310268,0.255295813998178,-0.181991342465835,2.38915864184293,13.3948416977683,12.1874045302285,"tst"
"518",2.3825419543962,1.62040628321345,0.416231234065694,1.5106447263477,13.3044086618094,12.345937815748,"tst"
"519",1.93922718451967,1.41986066407614,1.58460629163173,3.01931077279588,13.6346821559141,15.1879170561665,"tst"
"520",1.69884115283206,3.09600474700926,-0.456837647603605,2.15925047020505,15.9703477920347,13.3175855989839,"tst"
"521",1.06145195084466,1.43893360931381,-0.346324027688216,2.70916143771255,13.2764579363936,11.6580385749815,"tst"
"522",-0.230817898071508,-0.759604827918998,0.30782268428815,3.91457803320477,11.9489858801123,11.6672990198778,"tst"
"523",-0.557540570893357,0.51906686516348,0.431919945563718,1.95612008321062,11.8653933665014,10.1805325313099,"tst"
"524",0.689505297246779,1.24934195501251,1.05216522207606,3.44058005150586,18.379569250498,13.5158633005568,"tst"
"525",0.660792474972782,2.24519521192038,1.13220153444265,4.15695831399854,19.9796788074273,14.3468782564603,"tst"
"526",0.222062853635567,1.37008991367135,2.21320019222442,2.63501343473914,14.7956865870844,13.5604003496,"tst"
"527",3.11055337721857,2.40313001293483,0.926161265874381,1.24605644825129,18.2766861162756,14.360946592191,"tst"
"528",2.68748337837982,1.06169758283069,2.00785825368797,3.79850859641913,13.5997675039467,16.787829449273,"tst"
"529",0.0494591828416635,1.41594138202315,0.511013158862889,1.63821937200605,7.33396346091102,10.4057874372646,"tst"
"530",1.87070958022534,1.64894411975815,-0.654283836377693,1.54663392830528,8.62017903128262,11.1437162564286,"tst"
"531",1.12632693301499,1.16483704970778,0.958288016761016,2.1210380830749,10.5003164434761,12.1947002929959,"tst"
"532",0.576145489495031,1.51639266663924,0.322127528342295,1.11122472166987,12.9941629507836,10.0444698821207,"tst"
"533",0.677304973811806,2.02943752770319,1.60055929196886,2.09369127088409,14.7603757568246,13.1678995586244,"tst"
"534",2.59083992888735,-0.137287250919145,1.4326141945672,4.16956264890808,13.7309293748306,15.9492016448595,"tst"
"535",-0.393638593093301,0.933971930146689,0.457305055045631,0.167161690920114,13.2475862157363,9.72332741551401,"tst"
"536",1.04807212810769,1.28219437623367,0.8638401877522,2.88119085819583,16.7095191942452,13.0330581089682,"tst"
"537",1.61204411904209,-0.350030404594667,0.769470160446783,3.92753191717894,14.4784857472248,13.8110814834801,"tst"
"538",-0.0677055146669341,0.920535043457457,1.81017218197595,2.62928984417695,13.4493578590059,13.1493575886754,"tst"
"539",0.27918709924877,-0.701180028134898,0.29670421219448,0.813666498024184,9.5031878038664,9.25112797911952,"tst"
"540",-0.491171910278283,1.74741540659943,0.273380795932777,1.37177892896248,10.5171403138464,9.64965484468031,"tst"
"541",0.884264995537432,1.88815443685582,0.663090709579811,1.81107198184917,11.8091432910857,11.5735710959902,"tst"
"542",1.28951109497304,0.867493190772825,1.1706120792862,1.8949712047292,12.2295933842357,12.3440216423412,"tst"
"543",1.08958274813606,0.466289368553161,1.36113795251148,1.05564725356278,11.4426588460774,11.5683927401243,"tst"
"544",1.36705962097453,0.538420014559791,0.788394900444727,3.09845316817258,13.8735892830296,13.3814406598912,"tst"
"545",1.25433853399605,2.78941259267155,0.816409789132379,4.03937095210974,18.9855658571135,15.0694259588491,"tst"
"546",0.294732593379185,1.39364369650234,1.93790665688383,1.42881995716541,16.3017296460438,12.1260258315761,"tst"
"547",0.3438279623931,-0.0283801078941301,1.64415366425214,2.97039703337451,16.292907728338,13.6106874951116,"tst"
"548",1.01332601785603,-0.706990590054215,0.115652295246089,2.45451058030999,16.9763991190332,11.1211953879516,"tst"
"549",2.40992361402966,1.88053627751541,1.03069726846398,3.05722102472594,19.4170855904959,15.23558290622,"tst"
"550",2.41801140148821,0.770274867675234,1.52543681459923,3.41347229605906,18.363946993498,15.8505277625512,"tst"
"551",0.827612803407821,1.90150156042359,1.37356833135722,1.95202453660401,15.7810127789704,12.6829427573001,"tst"
"552",0.362890655152573,2.72281428705231,0.808780678063642,2.88659955229751,16.209130465224,13.7690205124278,"tst"
"553",1.78263925145102,1.95952467719082,1.00944472652658,2.15617880734594,15.3653937074736,13.3691683018379,"tst"
"554",1.29607223685201,1.02114566681861,1.52239976126856,1.76213729349203,12.631119855488,12.7196919493832,"tst"
"555",0.0911239197110461,2.56332588573538,1.47686451274904,1.18667064346876,7.79843734486938,12.2758507538224,"tst"
"556",0.557798737831989,1.64293666842498,0.16972085404934,1.85204294525939,7.30076225592838,10.6967651451273,"tst"
"557",-0.374853594376277,1.02942557392251,-0.174861659680003,0.281912058777807,3.63804978172959,9.05068462147864,"tst"
"558",-0.443190834635579,1.18061554777092,2.26922653470316,0.732088199203958,2.64848010993494,11.2724989698214,"tst"
"559",2.78584134942129,0.929520505324324,-0.622093084086049,1.65302003368306,12.1484279916593,12.171613091174,"tst"
"560",0.583366861539161,1.44940573350236,1.06156235791374,1.23597771500492,11.0523855080948,11.0649830538341,"tst"
"561",-0.469328650732653,-0.374706971828928,2.58361501250359,2.09957710381363,10.5726878792873,11.9259362109719,"tst"
"562",1.01878143237748,-0.933332539091144,-1.00045861894323,2.4829453415008,12.7569136441458,10.8149081220734,"tst"
"563",1.09137501530976,0.895072842450191,-0.249950103033059,1.87536971639242,10.4349698567115,10.5735982909218,"tst"
"564",1.40759360749509,-0.437388148433125,0.0538102777748138,2.94928155767158,8.88382401269677,12.2366073673509,"tst"
"565",0.619764565349264,1.71561493912452,0.0253019158049536,1.98754940868341,10.2250214897224,10.7924064971504,"tst"
"566",1.41803629863389,0.480946960048978,1.0192139738519,1.51800740162145,11.1042200696551,11.8174819235185,"tst"
"567",-2.08346300040645,0.126572998825572,1.98094883192163,0.588036287495895,7.98635739217881,9.43333663033932,"tst"
"568",0.778705230046419,1.04226099566902,1.49172091223843,2.54852178989896,10.2830754900973,13.2178733752913,"tst"
"569",0.450546597044573,-0.169288306941405,0.985407023198399,1.4791899932713,9.32768927809081,10.8911204727814,"tst"
"570",1.56957111888053,-0.234344694116192,1.29078553897975,2.84273606074304,12.6537951759251,13.8960507336446,"tst"
"571",1.30253260102609,-0.34965116090275,0.286573903956871,1.43719550964834,12.3768449500682,10.5191088952081,"tst"
"572",0.22558175540102,0.169458940367153,1.54476206414766,1.73840377793978,10.6455133532994,11.8953243544309,"tst"
"573",1.51669746164725,1.15561820280075,-0.189125745810931,2.33772854650886,12.4017220042474,11.6093070038692,"tst"
"574",1.52516288795942,2.18442582744871,1.90315493370068,0.292108403938633,15.9609407986467,13.4539874973177,"tst"
"575",1.47694728336776,0.773405040293901,2.12273583624891,1.49699795174207,15.9345887104745,13.0608907825379,"tst"
"576",1.19675064464959,1.09699299702577,2.50728210466298,2.2760932859082,15.0296802010841,13.5139122145241,"tst"
"577",1.02542620965931,1.24143510273886,1.69132086507491,3.31018516010717,12.4622412793022,14.5425731384822,"tst"
"578",1.70855643033004,1.25856737262301,0.256388432526262,0.354203980511548,11.2352067592672,10.9821644824788,"tst"
"579",2.97951103990581,0.746995410446109,1.11239064001161,1.61469219361911,13.2797233575554,13.9354544011293,"tst"
"580",0.0911150371941172,-0.385757751542149,0.151366155386152,3.34978824163936,8.34589351117928,11.7172370707582,"tst"
"581",0.847077240974634,1.97073932578636,1.46498089679663,1.59242420238333,10.7044251530291,12.473052847008,"tst"
"582",0.601780398322084,-0.227348375449693,0.91658648815281,2.27148729415695,10.5918365727077,11.779236708286,"tst"
"583",1.5055808850895,0.808723583834682,4.77807266103114,0.302624283370897,11.9964883914053,10.0058085573124,"tst"
"584",1.54534675405169,-0.0777883735669951,0.507727249442807,1.96787303119106,9.59681947700488,11.7309155980539,"tst"
"585",1.04529485261886,1.56336383467697,0.323569513207316,1.94225769165807,12.3842848487208,11.2354576875898,"tst"
"586",0.735478644991257,2.62850307030381,-0.0207656510048189,3.10358609239914,11.7480806309,13.1949954890512,"tst"
"587",0.125935312606655,0.778319052462912,-0.266208447326384,1.57015365676298,9.04862841684846,9.56425601182587,"tst"
"588",3.07020605167537,0.891348808031708,1.50790464825638,1.37657813088877,12.9619448851199,14.3557899499444,"tst"
"589",0.77747530508936,0.0834319331861112,0.424172719543663,2.73811670804441,11.3508180627754,11.9711906457156,"tst"
"590",1.71674725757554,0.519517162965643,3.60910572324623,1.8549573354743,14.3916923399034,12.2864463283138,"tst"
"591",1.20224073062426,0.678193264842835,-0.244718005333034,2.05213228520585,13.396942937832,10.8536179325824,"tst"
"592",-0.263954384663719,0.256415324341882,1.524431945334,3.92034099257668,12.2122545325684,13.592500369355,"tst"
"593",-0.325987457139668,1.35874566079786,1.11459054648229,1.8377843003161,15.458346825711,11.2031748003199,"tst"
"594",-0.51581556685978,2.20702408116078,2.62048886889201,2.61171207755925,13.1865437421009,13.3502524545607,"tst"
"595",0.457319998052287,1.48671165180589,2.53270600401183,0.766186559370234,15.8089892268234,11.7273552556078,"tst"
"596",1.87207692085354,0.325245125772236,-1.07280930486549,1.71877260130184,19.1960990760579,11.2974242246407,"tst"
"597",0.674053990527418,0.572493101056268,2.47619001096418,2.72713126044178,12.3760780579006,13.735644617635,"tst"
"598",0.893747603785023,0.83878234647064,-0.152403311447449,3.86800532464308,13.326579155487,12.3360858403339,"tst"
"599",1.2461107864363,0.830530053240282,0.168909333259174,2.6315925740427,12.9740946013134,11.950915283151,"tst"
"600",-0.320418090677794,-0.618197282950291,0.0142279941368136,2.51562061152639,10.9290688685992,10.3171079774422,"tst"
"601",1.93257673551447,1.83938644863923,0.470208157288255,1.38362729909839,10.6558695669917,11.8705577315656,"val"
"602",1.99012181909731,2.11089775409234,0.362538763246261,0.038218376986155,10.5929664975351,12.2335482751614,"val"
"603",1.4217732887458,0.843600942361557,-1.7491873638143,1.65689909884812,7.85071693886922,11.1823831781648,"val"
"604",0.856876613228881,2.14333556353114,1.12390596688547,1.06786768221856,12.8535678930681,11.6721499578597,"val"
"605",0.0954869386125293,-0.578026796406488,1.66969980185412,2.43724651215884,12.2013180296139,12.5525028548451,"val"
"606",1.83632727789456,2.36305803317924,1.22201977098511,1.52790093468191,13.9878325744262,13.4591350178217,"val"
"607",1.6156823436596,1.07021375427946,0.49652279269943,2.45683665888429,14.0503999707856,12.5042093171357,"val"
"608",0.894340422818434,3.08836899049785,1.48357148721633,0.355276533990562,12.5141365609391,13.5854509140436,"val"
"609",2.14366341508567,-0.109100495999468,0.977396518202568,0.562872752367853,11.9488240309634,12.0906858303802,"val"
"610",1.55049144730279,2.52242649975889,2.8214652629996,2.42325617328957,9.93113912925573,14.761939953579,"val"
"611",0.658158147511087,1.93219243051076,1.21172643569269,2.32985799346055,10.9631561596416,12.8089603569546,"val"
"612",2.36826369389909,1.98136407380667,1.14722523747474,1.15599534473097,11.3291587674441,13.1881329711376,"val"
"613",1.01954517897018,1.32711532827973,1.69843461463912,0.503173683748884,11.9353203504615,12.0727936046555,"val"
"614",1.06664776163452,1.50672714855159,0.719841954505301,2.72079854549624,13.4448221583838,12.6979440122261,"val"
"615",2.07471659778396,0.511958509803237,1.81889798799782,1.52603857726163,12.9968044952603,13.6420033630472,"val"
"616",3.12863553718663,2.88860591248912,1.56039804432102,1.35736894637161,15.7266555649025,16.0398982515044,"val"
"617",-0.0796557985392985,0.0377720641995138,1.66039512039883,2.83719069257575,11.8728411875776,13.2078238468871,"val"
"618",0.0246929896433364,0.470560703714203,-0.00715978579227339,1.774323730452,15.1613899876128,9.8951911528955,"val"
"619",0.985017119597087,1.42444513078432,0.317796292519743,2.34264606698414,13.3982210571003,11.6015463229092,"val"
"620",1.65817581104484,2.46137593676579,1.53964879944929,3.08116728704591,14.7661212058832,15.728318299601,"val"
"621",1.78811683688837,2.33560800548171,0.592742967844187,2.32453138565854,13.9988876478112,13.4300447709495,"val"
"622",-0.0142019435106016,0.847348649833778,0.822794299652098,1.80664483495995,10.7273754483978,10.8551633224551,"val"
"623",3.15025692096207,0.484685322334447,0.65148144966243,1.86128257140191,14.9804802455638,13.8179983383155,"val"
"624",0.40462218098947,0.19260282707946,1.25028492052486,2.86376600386814,13.4047347856658,13.0183145876516,"val"
"625",0.362013351805196,0.305425522134314,1.74504369559957,1.23208506023399,10.8420828526631,11.6932501387149,"val"
"626",2.61803878931689,1.4018601560607,-0.304615590953504,1.87912441099853,16.3574826275401,12.3739018514358,"val"
"627",1.78150425787747,0.603189374157019,2.12975561464536,1.53919930524614,16.5545645879123,13.4599954712928,"val"
"628",1.8728481465191,0.987690551278358,2.00609631898788,3.28770132601212,18.8028025251587,15.6260437267748,"val"
"629",0.914685542186525,0.454352306825989,2.73777863758831,2.65699362169747,19.281076085697,13.5187971357228,"val"
"630",0.536021970743748,0.70134586893647,3.92409507097476,3.11871409066084,18.473977232372,12.4463236936088,"val"
"631",1.54554695510598,0.290397238595061,0.715565853954076,1.00721009212517,15.9699000257853,11.1020796693396,"val"
"632",-0.240483200373137,1.15704286122258,2.33019021626832,2.03440643703869,12.8610151212569,12.4258294055897,"val"
"633",2.80080636373475,-0.231295094453025,0.226518680792442,1.60945406508088,11.6420294723279,12.4546788837161,"val"
"634",1.43363522788903,0.941135052592848,2.34373136274978,-0.725727593471338,8.40982813189732,14.0672390801169,"val"
"635",0.95612490179902,1.54904049602092,-0.136538863075424,2.97511881194968,11.7600415143191,12.0759287081079,"val"
"636",-0.0931198650737022,1.70752086682052,-0.394033537345025,2.34314116957406,10.1222823008499,10.496686138659,"val"
"637",0.0135319337115977,0.529135256015098,0.548866589311126,0.613874405940779,10.7764915703107,9.71907995753793,"val"
"638",-0.0645676818178036,1.28160014484898,0.765094804876284,3.200740017778,11.7808395847534,12.5052123853835,"val"
"639",0.131232660210977,0.634263308173062,1.3620243421925,1.94640618628409,14.8197287002806,11.8436815786288,"val"
"640",0.000593587892733782,1.26758154034152,1.50461433678338,3.72811250996268,15.2496151921462,13.8010879097712,"val"
"641",0.862683926733422,0.953349890575342,1.54164535878788,2.44195141550835,14.8706613784247,13.1780083834492,"val"
"642",1.35202919513595,0.35157794735548,2.83655775455639,1.52498781302179,14.8452609517381,12.4012006348241,"val"
"643",1.6156871063317,2.43870216232116,0.50450659716694,3.31714508059021,19.4457108301787,14.4202731655451,"val"
"644",1.51222118241325,0.723336980921848,0.724481472059523,2.40618728763787,18.8303663563433,12.5636717509873,"val"
"645",1.361701438757,-0.170735011243697,2.36082738341434,1.17802074181628,17.1266127168589,12.4355732848622,"val"
"646",1.33454610335184,-0.147724359368135,2.45405065881786,3.06636898450509,19.2611327809685,14.5855033569869,"val"
"647",-0.899207600101988,3.15990361084889,2.63338833843368,0.817908604634923,18.0467410963784,12.5219623950686,"val"
"648",-0.368842650014329,1.14856909441106,1.29701688664886,2.37667176747301,14.0672569055211,12.0137974758985,"val"
"649",-0.211061300412014,2.53949614432356,1.3676101272909,1.63133023783819,14.5720879241782,12.3757054699932,"val"
"650",-0.694408918067575,0.858844275483483,2.18954018254354,3.68654921959391,13.0688633311842,13.7730778409739,"val"
"651",0.291579105389655,0.394638376219473,1.38483373485992,2.22583000515974,12.0520923317926,12.2872371463735,"val"
"652",2.35364607014267,1.48301339923618,2.3970432755012,2.57993875466871,16.330400380569,15.4067712200619,"val"
"653",2.23092105730618,0.89037779583213,1.09570807154241,1.70725651285311,13.467638007258,13.109297957766,"val"
"654",0.110659620497692,1.70238443674079,0.500534519666885,3.29588780364874,10.6779547054722,12.4872774321566,"val"
"655",0.13682142112511,0.632519697530449,0.427576097906311,1.8250186727233,13.7671077860089,10.460622689708,"val"
"656",0.169789765711891,0.750116798349955,1.6057015139291,1.79768920694921,10.4392549967048,12.0405345714547,"val"
"657",1.27145026313051,1.16183997738678,2.60556017236373,2.43186249008252,15.9173241216645,13.7027950420504,"val"
"658",1.60062043380481,2.48362584462599,-0.453824473305065,3.00712088184746,19.4479115405308,13.4480238588742,"val"
"659",0.0717452668790316,1.66151472862342,2.36107979094655,2.82019372829574,17.1167269964288,13.765019338362,"val"
"660",0.898323924711522,0.645644321314969,2.11496416700151,2.37670100045204,19.7735308500392,13.5511215364685,"val"
"661",2.76454807763419,2.76863781698765,1.47688507393629,2.90927408482864,20.5692093569231,17.1806077089636,"val"
"662",0.604299166190537,-0.91030501610774,-0.698390730760276,3.38812903692639,13.4558547470307,11.4413579965501,"val"
"663",1.74527079049217,-0.440570848634043,0.55273976300355,2.538750785421,16.10626539378,12.5945910648086,"val"
"664",1.77370612901288,0.162806057101332,2.10813950493984,3.81263448548664,15.6158227860141,15.6557287783445,"val"
"665",1.16910404822649,-0.0767196165004058,0.961907620712286,2.47554731774481,16.0354522963332,12.5393558484466,"val"
"666",1.56017816684414,0.204088660855374,2.06619918108437,4.0409679747338,14.0172240635927,15.4121525409814,"val"
"667",-0.209436828017437,0.552860037771392,1.37893285667768,0.709682060536644,8.21332062642199,10.6979703009161,"val"
"668",2.4287063551174,2.0423470410875,-0.656208504012209,1.2102033526864,12.2437009522115,11.7381742631766,"val"
"669",-0.325438565809248,1.11205793520278,-0.659097343424007,2.49751079542165,7.58711526082622,10.3621130863822,"val"
"670",3.15655378002205,1.04427570463237,2.70742768248824,0.806249891223868,12.6689945458255,14.2886716416697,"val"
"671",1.10277114961515,0.555223113467875,0.665246910346516,1.89351421334914,8.90148830247179,11.4694710834841,"val"
"672",3.10506139445927,0.344532061140664,0.692743941160288,1.65126222140654,12.1687868335809,13.5589176291137,"val"
"673",0.574837738684937,1.4066088796077,0.19843912147433,0.269737229062194,11.0446251622246,10.0379889799646,"val"
"674",1.65372520524367,-0.795868083047581,2.56438045845894,0.835580868174629,9.46866581824696,12.1934781438194,"val"
"675",0.795084329342502,1.71316305865758,0.615288551397983,1.77727201491549,10.8893913871634,11.2996507448221,"val"
"676",-0.189610223477423,0.732033929003501,0.48300089427602,2.38610321818759,8.7997125562729,10.9831111895494,"val"
"677",1.44549339694979,2.43545854935992,2.27956836066332,1.09802428098188,12.9655986498682,13.5671706469958,"val"
"678",1.76235814245654,1.85085877991627,0.869451098739969,2.90760500686182,14.6513790313559,14.0660044392472,"val"
"679",0.796659086064799,-0.227671278920709,0.911624928164278,2.12385096382817,14.2274545086775,11.7185719273694,"val"
"680",-0.0841144586680866,1.04597852810957,1.78094397295744,2.493486104369,13.4797062302716,12.9404014674291,"val"
"681",0.178746338442265,1.93675583588947,1.08308656635116,2.37361877796238,15.4069835272678,12.3714685770135,"val"
"682",-0.357718412604391,0.794935461231589,1.26629144706003,2.37559250188552,12.7680272130617,11.924354792168,"val"
"683",1.23547401035366,1.71323284633917,0.338065996533768,1.63353710596579,15.6994651938101,11.1364109231318,"val"
"684",0.855090199980167,2.70130680711151,1.81176964831398,2.84754314243097,15.0846585179723,15.3354160557861,"val"
"685",0.373115937687073,0.173415143583559,1.50388007305434,1.96535870293803,11.3190181182531,12.1949110367216,"val"
"686",2.4708812312192,1.05821333774118,2.20309828416137,1.55537366956754,16.0345977584011,14.3181911688094,"val"
"687",2.08862996660266,-0.198392296592551,0.0296198541390151,1.37903709644694,14.9495570806648,11.1651592900183,"val"
"688",-0.612016905106145,-0.342631120306959,-0.490620292916612,2.60351269597997,9.49798285208941,10.1049793964865,"val"
"689",1.76622951273877,0.505343631497259,0.259433175010973,1.99948375309222,8.69957288657525,11.8167552050931,"val"
"690",-0.363514441677127,1.23711247392367,1.12060732533912,1.64615417135779,11.076385936673,10.9424549124728,"val"
"691",2.18138921765382,-0.249751840227126,1.68491616524624,1.50164124834397,12.3252817446102,13.4753158016186,"val"
"692",0.0392796376834411,-0.13523430022366,0.951366927134057,0.900114022279771,13.1920162946496,10.1558542793747,"val"
"693",-0.841226889177004,1.69916850564928,1.68575296417059,2.11857663459744,13.4230706637132,12.0250184834599,"val"
"694",0.97081357075783,1.34857452811339,2.01658304934054,2.1397390206221,13.0425984004311,13.3928095480706,"val"
"695",2.21521687249345,2.23321461724993,0.183319060314411,2.22572709196021,12.3151494947594,13.2177124348676,"val"
"696",1.20215320839729,2.57069500643863,0.258860044694342,2.42659809512463,11.7787072875381,12.8323691305538,"val"
"697",0.749550758872322,2.41066888274132,-0.395910613390203,0.83749745149277,10.1092391069892,10.2895395932729,"val"
"698",0.0702953070941531,0.473737042626172,1.50397682541904,0.429773115008244,7.11075496693196,11.1518918483347,"val"
"699",-0.0721583603033866,-0.625110465796998,0.904740659348867,3.38198065029184,6.83524679289012,12.4336501690976,"val"
"700",0.546961471592996,1.60075227110684,-0.626323290029296,1.54279136481311,8.77946678447118,9.91329360871031,"val"
"701",1.91190904919149,0.813796258413189,-1.54305822014005,3.41288051543358,15.9893368766143,13.5856828442752,"val"
"702",2.40033195785088,1.04682095202601,0.386904446545958,1.00283364139588,15.0097566471549,11.7532602258181,"val"
"703",1.84398818748125,-0.366363879862616,0.380136482335869,2.99976782654161,16.8677267816302,13.1554847911764,"val"
"704",1.47486507844844,3.74181835765474,-0.389485976517417,3.9510893488364,14.7198345184607,15.7193084860243,"val"
"705",-0.797748998289138,1.69055873368113,0.884522305931287,1.40236639856021,13.6301950533214,10.1525544381513,"val"
"706",1.98571701651687,0.657138048264245,-0.349937630759805,2.00287771520684,16.9010092190007,11.6304392571274,"val"
"707",2.05399757905595,1.43588522801516,1.71095164146865,3.25546760584678,12.9483217488552,15.6825909603648,"val"
"708",3.21054306155402,1.21215949983758,1.36219450317028,3.30734404273183,16.5220040313548,16.64868532361,"val"
"709",0.24536194658168,-0.841776150276026,0.375775993871805,0.168728303732515,12.4173597225775,9.59445848995135,"val"
"710",0.131650342252117,1.54033191029143,2.58601428101408,1.89397388739382,11.5938619789356,12.3874601629169,"val"
"711",0.263903124008338,1.37452673434798,0.683039588572988,2.21918957804868,11.2136445943274,11.4065549895047,"val"
"712",1.83403587348151,0.0697583576229344,0.018077071860594,-0.0221989727702696,14.0120250130621,11.1886452497727,"val"
"713",1.92559894843289,1.37704896771247,0.476358621115517,2.38089487246485,15.3090144663075,12.8047809574583,"val"
"714",0.48162534023618,0.0235472464142097,1.00918775143435,4.12666937081834,13.4209872076548,13.3018684098456,"val"
"715",0.470637189966661,-0.721982143051464,0.726663552128553,1.37624811695879,10.4846014622832,10.2119473041313,"val"
"716",0.1050728630526,-1.62378747268575,0.696142847912049,2.58884014716218,6.95645005617308,10.7212333312164,"val"
"717",3.03224645146488,3.18794428463868,2.4843419872067,0.839659308313139,11.1898487730958,16.3260767037283,"val"
"718",0.971320996531505,0.296611750328999,-0.837690947869526,-0.782402708116117,8.63435506638378,11.168173038856,"val"
"719",0.772122347836772,2.76435029694507,1.11147226546408,1.56669836682517,6.99701502472458,12.863654155079,"val"
"720",-0.03563342565329,0.638629791009902,-0.576612377174241,2.30792092517812,7.75904694730367,10.2252005388273,"val"
"721",0.0256593121766283,1.0072263188194,-0.23789185834701,1.36800748569454,8.07211292636295,9.31568696489998,"val"
"722",1.00956077786031,2.66878285969843,0.541585592936374,2.46921912378187,13.0270325809138,13.186635247826,"val"
"723",1.38455393869321,-0.233892150092413,-0.125360505949147,2.80944038107779,14.9447609953736,11.9729366836572,"val"
"724",1.95557107121085,1.92200094636421,1.6722656098493,3.02668979248953,17.155792623734,15.5877974449643,"val"
"725",2.9493834334369,0.195729675297752,2.74004348573731,2.79064687175398,17.2736115436406,15.9558334869007,"val"
"726",1.61654564141911,1.42839318713578,1.38278385562977,3.25396319153972,17.1429338273272,14.7403475570283,"val"
"727",0.540255019784601,1.49255962036955,0.497434051622748,2.60910956676037,15.1922845823256,11.9080877570583,"val"
"728",-0.61959462357103,0.395933614778238,1.45119078428079,0.710832372051063,11.0238848145075,10.5236507744549,"val"
"729",0.258099318450523,2.10360081269459,2.15520785431504,2.03793881338315,14.9697438603221,13.2842721988577,"val"
"730",-0.46725732691469,-0.851430234809951,1.82388588466686,1.68298993724509,13.3415528157252,11.3534243055039,"val"
"731",0.752155235156927,1.41469833108015,0.940827205651726,2.09067209632258,14.7186603896299,11.9305834587836,"val"
"732",1.90480855482986,0.726977826641608,2.22454092960281,3.31807903669478,12.2612787706715,15.6628413680016,"val"
"733",1.73574334626277,0.672056904625833,-0.445281901034472,0.629314267477842,8.80555013907125,10.3039186092621,"val"
"734",0.181465884180017,0.512706597275386,0.0433966789607279,1.55038517699367,8.84820343709467,9.77750490510391,"val"
"735",0.899042559564509,0.676689676025995,-1.26656639313006,2.38750101122951,11.69035666454,11.2263970983582,"val"
"736",1.81732091409416,2.25238798742399,0.775377350343945,2.43570302275217,13.0318224364818,13.7414056254811,"val"
"737",1.22360087814047,-0.256346569100695,2.5628033764512,2.08750884475448,14.2124067648842,13.0895059172915,"val"
"738",0.84446109405669,-0.135079517319346,1.56776662766527,2.11900525103832,12.7467194168642,12.688226675597,"val"
"739",0.56053066482407,1.45717043269556,0.367219131885941,2.49604961224778,13.2664902209246,11.5982683863206,"val"
"740",1.26493451770251,1.68775499803542,1.508096644296,1.48793238811375,15.2190551877049,12.5391063332304,"val"
"741",2.18773391460766,2.28166756568664,1.47818329760654,1.22422199221561,13.0226042873431,13.8166618923464,"val"
"742",-0.0767911294570252,0.792063408970662,2.48571909335749,2.04106452165687,9.31309568968351,12.3643746358951,"val"
"743",1.02409593970395,0.510727372755482,2.13706740009672,-0.237479469665758,12.0111380643178,13.042416528608,"val"
"744",0.194778048345099,1.90702920726758,2.08779100291278,1.41816063516085,12.0494133843832,12.3571233928732,"val"
"745",0.369688263135296,2.40149616385761,1.2915052960251,3.03660411040438,10.4878775186474,14.188406951731,"val"
"746",1.98038651650831,2.56855891921999,0.938013179557869,0.530273958779624,16.207074927552,13.0720417879915,"val"
"747",1.43452471909749,0.819402120868905,1.45187256761873,3.87880289148239,11.3836027533804,14.7266488425026,"val"
"748",-0.201413792234387,1.49195398839896,0.184512474512596,1.92905342634624,11.7560586432128,10.2518978879154,"val"
"749",2.22425788980916,1.12251698434895,0.814140697841907,2.04993881767039,10.9828715289022,13.1342004366312,"val"
"750",1.57351289184665,0.666864551137746,0.349828658447721,2.64160498376447,11.9663586019447,12.5029586418456,"val"
"751",0.549240649502467,0.100530826184017,-0.0506611646229689,1.2601226180069,9.27768318669082,9.60584548561851,"val"
"752",0.36695683215856,0.165724971462954,1.33936403399338,0.485720098230475,12.6030028175683,11.0573909645095,"val"
"753",-0.906143391047954,1.25791082756453,1.2953894466342,2.81411998599531,9.11995922888513,12.2055408547318,"val"
"754",0.0515775858283722,0.203998704602154,1.79285544642452,3.58950854749539,11.8475907589855,14.0329463823901,"val"
"755",0.598699657770172,1.90076936469953,0.683340105735575,1.66343485713903,14.7875139328781,11.2622110921495,"val"
"756",-0.204599637545782,1.72738956799019,1.19121856278919,0.81737185143608,13.3203365351455,10.6752974917615,"val"
"757",-0.727981491818974,-0.661401810807216,1.40927259227446,2.58962283330119,13.1207337439732,11.8392439501116,"val"
"758",0.0389378733604911,0.231147106860924,0.924766158859108,2.51573773239535,12.7663873792181,11.8341447604919,"val"
"759",-0.324009940116963,0.211468204399902,-0.386353610542294,0.961826916852191,10.9003527591915,8.70392271816038,"val"
"760",-1.31701124642307,0.94684574357311,0.163771773072125,2.78211844702058,5.5667962877164,10.1974387023614,"val"
"761",-0.15213795063233,-0.0698559957799911,0.0440193624990074,1.72890038750904,6.47427489645802,9.71265183483101,"val"
"762",0.240032842583534,1.98534374689281,0.0555048529841624,1.84180106851936,11.269394113522,10.6037164866091,"val"
"763",0.333421393082433,-1.63460962818765,1.71040973165121,2.04259320507002,6.77822066975999,11.5585185284407,"val"
"764",0.708976396191897,0.813666536274641,1.25272698900146,1.15354683467695,9.85496097415685,11.2288206181981,"val"
"765",1.44355248543155,1.34315503352425,0.85350002449113,2.22865095186769,12.0677895596582,12.5289757488141,"val"
"766",2.79996615171787,1.54250837896812,0.807556029177696,1.59766544169739,13.6994899356301,13.4174484152117,"val"
"767",2.39168730342738,2.7420770523147,-0.251828237162866,1.13867002274562,12.9584107516824,12.592743845447,"val"
"768",0.744741178008976,0.209195795647003,2.10106177262992,2.31305514193538,9.7144104142936,13.3442127574233,"val"
"769",1.80956141388483,1.50908057663312,-0.498519873160244,3.49572161143745,13.3468736554918,13.1606302226438,"val"
"770",1.41963706909669,-0.445104320787449,2.6712011349267,0.729623502862219,12.8079110095114,11.9862022685534,"val"
"771",2.18853593229818,1.36384028815553,0.789221365179122,2.00974859097794,13.2160472562814,13.0650924802667,"val"
"772",1.01894716956712,1.26894002914643,0.0914059058211791,2.10065319785821,11.52418470324,11.0750765242857,"val"
"773",0.24838140831494,1.86658241957643,-0.464465204239375,1.38687847755222,14.1971634669947,9.70206737594386,"val"
"774",1.03084785423726,-0.125456390106528,1.7544473481717,2.62032806252594,13.871007116459,13.6857464747642,"val"
"775",1.46112402762041,1.99305886031027,1.08325577987835,2.45958789450617,17.1616716978202,13.5046059689893,"val"
"776",1.06066961204771,1.43409854088327,0.163305917142404,3.23357699386098,14.7508662074114,12.5951746523992,"val"
"777",-0.452277322272485,1.43591428699066,2.49940512876779,3.55291301948031,15.9806087009009,13.8538614098903,"val"
"778",-1.04975415956081,1.5831896993699,1.92146065705086,0.824021689305328,14.7895012488737,10.8016107748371,"val"
"779",0.599526566903178,1.69006675944312,-0.32696812240248,1.96094703599958,15.3110449489412,10.5150965228988,"val"
"780",1.33044968917765,1.90391450542119,1.71443822505738,2.37637877706108,16.9240602482252,14.0345356200889,"val"
"781",3.2577456538452,1.42557867246636,1.42129104803805,2.71744086755124,17.616455669524,16.2271376050245,"val"
"782",-0.351751019038298,0.665091835365691,0.221855578106636,1.16016931848407,14.4798159150988,9.24280027127384,"val"
"783",0.17748387757962,0.849913847805908,1.08289597320951,2.63105528893034,8.65256210397069,12.3404805117405,"val"
"784",0.68029054911618,1.32993338037271,1.78476258518478,1.14675791568935,9.37329850865031,11.9852252180092,"val"
"785",2.01685784067447,1.4394452250939,1.30703723698226,0.280276213703434,9.49505443694664,12.8117347034228,"val"
"786",-0.187839026658276,0.167116499332746,1.16567985784334,1.85022454840352,6.32281392708847,11.2362192127548,"val"
"787",1.28339989849894,2.18803287332254,-0.579671349326282,1.03060275590274,12.1609624221497,10.4511785911779,"val"
"788",0.289419438838918,-0.0941546418723318,0.834982560839833,2.08336314944984,12.0952634382688,11.2815436304626,"val"
"789",1.67003058610391,0.17966398087804,0.250263697677696,3.54173886643454,12.7201298653977,13.3185655403261,"val"
"790",1.40271822952363,0.18192372642572,1.65078613175892,2.55281885782468,16.2328586868871,13.8790296515257,"val"
"791",-0.0661372744934066,0.518454015524466,1.0082583766217,1.47104034505171,13.7526713376926,10.6764196771771,"val"
"792",2.02239628740845,1.03849736505267,0.585991764898656,1.30148363305998,15.9505667178904,11.7531868215479,"val"
"793",-0.915408435215543,2.26482251777573,2.12632447880931,3.04893554377693,13.4568392211729,13.9334053777319,"val"
"794",0.787870644436493,-0.161338631856324,2.34371745785826,3.33683083581785,13.3155481517685,14.4258376242104,"val"
"795",0.633349269535584,2.56464290377727,0.997914877964078,1.83827933024673,13.861121509087,12.6610809538065,"val"
"796",2.57578447989905,1.83042010298626,0.541227723365495,2.59854499513741,14.5052197353556,14.1543778941888,"val"
"797",1.43533447149296,0.463670167069109,0.887891805381661,1.87970172691813,12.3424354033404,12.0711676130665,"val"
"798",-0.357319515545364,0.762159257779419,1.07394464192788,1.97092013983807,11.8803127551792,11.1776220615156,"val"
"799",0.360964086236142,1.48975875083688,2.39263875437834,2.73731837875039,11.0603098886569,13.7517471102016,"val"
"800",0.0141245655374576,0.00115585884366887,-0.380324603138841,0.898481779621061,12.9048279875782,8.85332296199223,"val"
"801",0.977543837492935,2.2644047457697,1.5194990414551,3.24286788328283,10.6930812140929,14.9051882481278,"val"
"802",1.61251352017453,0.867255402212221,0.568247633469374,0.507663627151331,8.32050844979333,11.0563347922914,"val"
"803",1.81602539636369,0.434714494008836,1.13664201336885,2.10462082034406,8.69296919981458,13.1055162963055,"val"
"804",1.05256974041743,2.49477420481142,0.784629002007255,0.43230155018015,8.8920415795935,11.8241282170215,"val"
"805",1.09613546602341,1.00772301255339,-0.92209252601797,0.919481196667287,6.71790576704584,9.72446449802896,"val"
"806",2.00516000582183,1.16658096901992,0.0316417211436435,2.47308908006986,7.4309637023914,12.5163307385058,"val"
"807",0.31102763872828,2.33964299274776,0.668515200832446,1.17586072528259,9.18972987351691,11.0049547543779,"val"
"808",2.47520868682561,0.678825674159922,-1.61187966061991,1.88446546880538,11.4740775741528,12.5665611420278,"val"
"809",2.15586481845978,-0.566224890814523,0.311535559692761,1.76777317587386,12.9567707682532,11.8160261118854,"val"
"810",1.45941098981048,1.21624165669939,1.3083603060077,3.3285073855207,10.3294415854172,14.4481766248507,"val"
"811",0.0430679162731898,-0.122921048474772,0.519388416111511,3.32906402567319,12.6668124986393,12.1671732820958,"val"
"812",1.40366054924698,1.16221988906437,0.861333398578153,1.75746521698525,17.4425057608616,11.9288203500478,"val"
"813",1.5479134723138,-0.336162157695713,0.959841973450506,2.98050777444718,14.5767782619365,13.5396449306336,"val"
"814",1.74047318679362,3.84487276003604,-0.532988357349047,2.53576044904601,15.8966555264814,15.1277559820647,"val"
"815",-1.01362255911771,-0.52763292008985,0.242398772864556,2.54073018700651,10.874414639512,10.0234203103424,"val"
"816",2.33914702292054,2.35039755097492,0.597911282398513,0.907837002325893,12.4299168005822,12.7043969899969,"val"
"817",1.4775478582192,1.58908636037303,1.02813620835376,1.63262758585816,12.1201304517941,12.2121274332117,"val"
"818",0.451510708664022,1.72780587364677,0.890407451203041,3.16634745273375,11.4520385034046,13.1444335366374,"val"
"819",1.64231075551002,1.63073545752416,1.71510695826133,1.12839178115019,13.4554500359635,12.8526074421781,"val"
"820",1.58897103529697,0.806054447434904,1.53478049185035,2.24244612839709,12.6227429918126,13.5749208606132,"val"
"821",1.89671861325269,2.03238720595145,-0.2389551823403,1.65414145122586,12.7954540055597,11.6637967131048,"val"
"822",-0.0279583590603547,-0.183606378253629,0.790592835365089,1.71778433006804,9.73074239420542,10.5853641880314,"val"
"823",1.2258952628121,1.46126402797255,1.49114171225213,0.810791542145987,11.1584460502737,11.9391279030014,"val"
"824",2.11082621436127,1.82298107515751,1.12088047340237,0.658682734051578,15.4465490406692,12.6106932769936,"val"
"825",0.606451299645047,0.858107685023093,1.44623661920792,2.75670276884074,14.3816061247121,13.3218361874893,"val"
"826",1.2246661845481,2.95593079173939,1.63780230376276,2.2128170453574,17.1027632979513,14.9362110877613,"val"
"827",1.31236726040617,0.296492002801505,1.30456143568997,4.51328624657161,14.9317305138018,14.3196491068355,"val"
"828",1.17329324257202,2.00546404379144,-0.383001894605098,1.36070956706015,14.5085045522211,10.4416790817434,"val"
"829",2.25434291584809,0.124800537003403,0.366875323882458,1.93804690005859,14.3969244298497,12.4003711410187,"val"
"830",-0.141925430021067,-0.606436925457531,1.63370743876535,0.38446482835984,12.0388614488669,10.960128954179,"val"
"831",0.001891091618902,2.27435985405639,2.30741777705054,2.56627767845354,16.8341159222779,13.9258933480217,"val"
"832",-0.979035746183824,1.43055160892915,0.788228970253397,2.87107430266865,15.514557774447,11.5403749078119,"val"
"833",0.242813059101147,2.61677580122081,2.27194604578254,2.62861155536468,14.891779547633,14.6306315971907,"val"
"834",1.89677742639459,1.19046453361574,0.831547336870257,1.32612242317147,10.4426298792492,11.9785742214598,"val"
"835",1.1105588504954,0.511202778833871,-0.0290748300940451,0.18981659054957,8.79706803382413,10.1559033696631,"val"
"836",0.486136185493449,1.13353571238955,2.08594683174107,2.43327007875989,11.4788832508332,13.4183596131451,"val"
"837",-0.141413113636537,1.43807892677867,1.59676347436695,1.37116241530135,10.8855617772934,11.4714726920366,"val"
"838",0.489406090536336,1.79290012603165,1.98980672838354,0.388691958778975,11.8247934314481,12.2339905723936,"val"
"839",0.413239437179609,0.620589681307408,1.48102614717095,3.06166818528513,10.2730344746155,13.6077394664207,"val"
"840",2.83223016712253,1.91588800101084,0.683129123588447,0.56986297116561,15.4675519461258,12.9869222916315,"val"
"841",0.467176758382672,1.40525395354364,-0.771232580649257,2.48374664682169,13.6695631805387,10.9295632268377,"val"
"842",1.66826188502974,-0.098172356316071,0.696560819212604,2.61108936059368,13.8995975790625,12.9071523424753,"val"
"843",1.01890013474656,-0.290607735218832,-0.222867001349731,3.06040949362365,13.2552648336296,11.8582786019009,"val"
"844",2.82422442483569,0.824817275665174,3.13978064248242,2.5474435769592,13.4660089352107,15.0160073047754,"val"
"845",0.258661103407909,0.717755818672658,-1.07025463982997,2.61320221384962,14.80168397612,11.0008165005967,"val"
"846",2.55981859906197,0.213188969878937,1.37423320881969,3.17685106123973,17.6904444663456,15.634764363847,"val"
"847",-0.337873311804065,-1.23047943784368,1.36288678216901,3.69451493429145,15.4171671105937,12.652554012801,"val"
"848",-0.565900764762932,0.730943092393833,2.19077345543494,1.52752127056358,14.1397773238604,11.6396176110863,"val"
"849",1.05701062250313,-0.344843650104407,1.66904564416429,2.94393054080619,11.2326989085179,13.9797481674136,"val"
"850",1.1619038631308,1.22814223754944,-0.115850669875325,1.12012441365519,11.0674876416507,9.98250874801044,"val"
"851",1.66816085505648,0.0365746324622254,0.189871465950036,0.937096253860133,10.3836149548612,10.5765394806578,"val"
"852",2.12281209198391,2.26259854270544,1.11148268882172,0.551430283378744,11.5041203824533,13.0741395615532,"val"
"853",2.68257391414852,1.0426496329884,2.02155825666943,2.55254893452713,12.5588585520232,15.7527820350375,"val"
"854",1.10223379547218,2.24325373283736,0.558555120472229,1.59433268791341,12.10970262044,11.7012911861846,"val"
"855",0.783230668006661,0.35228169687256,-0.565256824036251,1.49040784980136,6.94972870115149,9.80075969561121,"val"
"856",1.13854188000565,0.492482694862434,0.875540109258207,1.80792526360972,9.99133439137889,11.6797616305787,"val"
"857",2.73490825364652,1.95888958535551,-0.290636754745823,1.75570650378251,12.9664303981529,12.6856880991673,"val"
"858",2.73623773506812,0.664277492585773,1.57760305335595,2.29586424440707,15.2887635139735,15.0490982505537,"val"
"859",-0.743919883248066,0.10163868911587,1.15228285384033,1.92751107230861,13.7499237526589,10.9081286768972,"val"
"860",0.687188554447728,0.419050314545,0.885142804039824,2.39382076236049,13.6742544513495,12.0549197704119,"val"
"861",2.29954128095527,-0.282957926837482,-0.191112674239663,4.45565510799816,13.7757179477141,13.6126690658353,"val"
"862",3.02940359719901,2.34585280980065,0.353548758074822,1.6606289570091,13.6313142459352,13.9021541089195,"val"
"863",2.13194350568595,1.03688324145714,1.1043879421882,2.08587743405637,11.7284510612578,13.4505099116352,"val"
"864",1.33926977019786,0.508394656911195,1.40964469342984,0.774485566124746,14.0830596669273,11.8048895577235,"val"
"865",1.62927756827752,1.40383126359431,2.1023849317095,1.88533932485978,13.7858858538812,13.7925117748158,"val"
"866",1.90000181363487,-0.31903262987347,0.838324525202701,2.0191137851115,13.3140342653357,12.5510824564129,"val"
"867",0.301228626488211,-1.62807034804009,3.02555079811981,2.10367451818109,10.5702121287861,11.1017908572962,"val"
"868",1.03213062731996,2.54016038567851,0.748701644793743,2.77337576197803,13.0458248848814,13.7253392086696,"val"
"869",2.47940840549486,0.659906424446081,-0.134068511475367,2.31019425697396,14.2707250397224,12.6797338489001,"val"
"870",1.0736678498863,2.15366992590785,0.364042721111518,0.681345336312842,14.1900154750947,10.7864003386458,"val"
"871",0.750326511438943,1.33804247591573,0.623509170684295,3.01952001099163,13.7890149675116,12.6927131123273,"val"
"872",1.11581639179034,0.546126861326301,1.12608936781637,1.87691787756968,14.1492967035568,12.0868388303025,"val"
"873",2.09463031971735,2.34207618388237,1.10416740910615,2.75744228486205,14.2771169305862,15.078996365545,"val"
"874",1.91870657113684,-0.433166385144404,1.03530197388257,2.29085685047019,14.2286105866251,13.1131859441332,"val"
"875",0.848025220462534,1.52859237558486,2.26774076653738,1.15404294300845,12.8311032014364,12.2938387928237,"val"
"876",0.029118864233931,1.77047448652747,1.77430824615632,1.78567256099682,9.74264877176184,12.3973243700524,"val"
"877",-0.704056331662147,0.610637333882092,1.31482273635839,0.698059313050645,9.01517458949382,10.2726096426319,"val"
"878",1.30721211133884,0.945577952573385,0.473389369833424,0.892767957310252,9.07225040582618,10.54190858114,"val"
"879",2.8329150742166,2.21245927982054,2.29062960296624,2.57972071018027,13.9876690955931,16.5887769558343,"val"
"880",0.23757316364485,-0.681643486885384,1.63851764707142,0.940387344812385,8.99760657284387,11.0268407992952,"val"
"881",0.122673026689713,0.988148460190145,1.78955696532997,2.6216335028529,9.06626124950608,13.2450051300026,"val"
"882",0.566685947253391,1.41258486359286,0.513707756419437,1.11903767733651,9.92060142098884,10.2325570920132,"val"
"883",1.25876522606896,1.73981066326866,1.77631298780416,-0.211961418287322,9.82014335589526,13.2855614420768,"val"
"884",1.22035333875092,0.399556959656949,1.08726955352261,1.45599632691691,8.9534400036372,11.6335402237212,"val"
"885",2.64640349108422,0.249672032542501,0.564514208580823,1.88711037447357,12.7422855287205,13.0646413507278,"val"
"886",1.78973051145862,0.40337054390463,1.14927145555494,1.88722969929789,11.7458018182666,12.8508184022024,"val"
"887",0.632961274469779,1.26103459867876,1.41053814623464,3.26591190843764,10.8449325265615,13.8966060032667,"val"
"888",0.590808680127159,-0.27388972675115,-0.0052162694562663,2.50930489467715,11.5388167351552,11.009446594921,"val"
"889",-0.723570433534211,1.49599957668347,1.60669858289406,0.375222602810211,9.71239616912037,10.9549295713737,"val"
"890",1.41690468641015,-0.59287264885874,1.38388571667173,1.56871730567038,12.026032408977,12.1278277251377,"val"
"891",0.0873650864394541,2.07298490450095,1.06271335067804,0.512717297971481,10.5502292011092,11.0148435740572,"val"
"892",-0.71968484482111,0.82874449566366,1.62722496415437,1.5873043240858,10.3682065299565,11.2487666506029,"val"
"893",3.25959611346717,-0.218786555906741,0.630656768767751,3.28797106226386,12.4105514157005,15.5146326135036,"val"
"894",-0.349666709182298,1.39741451249569,2.84389828203071,0.546085735098412,11.189465831195,10.9197968550368,"val"
"895",2.73931026364158,0.9681144685497,-1.41946564078751,1.65285904067773,12.9920257352802,12.5163438524103,"val"
"896",0.476414617747665,2.13171240121266,1.0379632344751,1.25630884254749,9.85874561211229,11.4360561544988,"val"
"897",2.51816141620785,3.58317638100009,1.36849181831352,1.46448886034802,14.3191513683383,16.2355263583779,"val"
"898",2.10301768275997,3.06067270184763,1.04764522233432,1.84702225588884,13.0784674243903,14.861309875576,"val"
"899",-0.128119361841061,1.75074689760412,-0.555883627978607,3.20828770428529,12.7722623250338,11.5485937378388,"val"
"900",1.49925185452487,2.01314208478074,2.4905506409026,-0.23794899863483,11.8525570361092,13.7951803422499,"val"
